category,query_id,query_number,avg_runtime_ms,status,error
single_table_filters,Q001,1,318.1719,OK,
single_table_filters,Q002,2,270.7818,OK,
single_table_filters,Q003,3,59.9081,OK,
single_table_filters,Q004,4,175.734,OK,
single_table_filters,Q005,5,74.0191,OK,
single_table_filters,Q006,6,55.3621,OK,
single_table_filters,Q007,7,17.1386,OK,
single_table_filters,Q008,8,46.1173,OK,
single_table_filters,Q009,9,21.1742,OK,
single_table_filters,Q010,10,164.0881,OK,
single_table_filters,Q011,11,119.2202,OK,
single_table_filters,Q012,12,129.9053,OK,
single_table_filters,Q013,13,31.8026,OK,
single_table_filters,Q014,14,35.001,OK,
single_table_filters,Q015,15,16.8082,OK,
single_table_filters,Q016,16,51.1116,OK,
single_table_filters,Q017,17,74.0719,OK,
single_table_filters,Q018,18,70.0933,OK,
single_table_filters,Q019,19,68.0203,OK,
single_table_filters,Q020,20,65.0091,OK,
single_table_filters,Q021,21,62.1524,OK,
single_table_filters,Q022,22,59.777,OK,
single_table_filters,Q023,23,23.336,OK,
single_table_filters,Q024,24,22.6401,OK,
single_table_filters,Q025,25,23.9355,OK,
single_table_filters,Q026,26,24.4488,OK,
single_table_filters,Q027,27,1643.06,OK,
single_table_filters,Q028,28,1147.031,OK,
single_table_filters,Q029,29,1174.1386,OK,
single_table_filters,Q030,30,1241.7737,OK,
single_table_filters,Q031,31,1098.8797,OK,
single_table_filters,Q032,32,600.305,OK,
single_table_filters,Q033,33,79.5153,OK,
single_table_filters,Q034,34,840.1859,OK,
single_table_filters,Q035,35,1486.8598,OK,
single_table_filters,Q036,36,288.7874,OK,
single_table_filters,Q037,37,707.1868,OK,
single_table_filters,Q038,38,1218.7527,OK,
single_table_filters,Q039,39,108.3901,OK,
single_table_filters,Q040,40,173.4558,OK,
single_table_filters,Q041,41,416.5831,OK,
single_table_filters,Q042,42,489.9327,OK,
single_table_filters,Q043,43,686.4429,OK,
single_table_filters,Q044,44,266.9326,OK,
single_table_filters,Q045,45,236.2626,OK,
single_table_filters,Q046,46,203.0163,OK,
single_table_filters,Q047,47,144.7881,OK,
single_table_filters,Q048,48,101.5936,OK,
single_table_filters,Q049,49,109.7516,OK,
single_table_filters,Q050,50,121.1601,OK,
single_table_filters,Q051,51,229.4191,OK,
single_table_filters,Q052,52,122.2517,OK,
single_table_filters,Q053,53,96.9433,OK,
single_table_filters,Q054,54,22.1341,OK,
single_table_filters,Q055,55,21.5219,OK,
single_table_filters,Q056,56,4.9546,OK,
single_table_filters,Q057,57,5.6893,OK,
single_table_filters,Q058,58,10.5722,OK,
single_table_filters,Q059,59,2.6696,OK,
single_table_filters,Q060,60,6.4282,OK,
single_table_filters,Q061,61,3.1448,OK,
single_table_filters,Q062,62,11.4662,OK,
single_table_filters,Q063,63,5.7608,OK,
single_table_filters,Q064,64,4.8757,OK,
single_table_filters,Q065,65,2.9173,OK,
single_table_filters,Q066,66,10.0554,OK,
single_table_filters,Q067,67,7.0156,OK,
single_table_filters,Q068,68,6.9655,OK,
single_table_filters,Q069,69,6.6927,OK,
single_table_filters,Q070,70,6.3382,OK,
single_table_filters,Q071,71,5.8884,OK,
single_table_filters,Q072,72,2.9969,OK,
single_table_filters,Q073,73,3.2948,OK,
single_table_filters,Q074,74,3.4111,OK,
single_table_filters,Q075,75,9.4628,OK,
single_table_filters,Q076,76,7.9199,OK,
single_table_filters,Q077,77,8.5768,OK,
single_table_filters,Q078,78,33.8607,OK,
single_table_filters,Q079,79,31.0865,OK,
single_table_filters,Q080,80,8.2807,OK,
single_table_filters,Q081,81,25.8727,OK,
single_table_filters,Q082,82,3.8959,OK,
single_table_filters,Q083,83,3.5965,OK,
single_table_filters,Q084,84,25.5379,OK,
single_table_filters,Q085,85,3.1152,OK,
single_table_filters,Q086,86,6.8878,OK,
single_table_filters,Q087,87,9.8333,OK,
single_table_filters,Q088,88,8.1808,OK,
single_table_filters,Q089,89,7.3042,OK,
single_table_filters,Q090,90,6.3715,OK,
single_table_filters,Q091,91,18.8896,OK,
single_table_filters,Q092,92,18.7118,OK,
single_table_filters,Q093,93,14.7286,OK,
single_table_filters,Q094,94,8.9391,OK,
single_table_filters,Q095,95,6.2855,OK,
single_table_filters,Q096,96,2.1798,OK,
single_table_filters,Q097,97,0.674,OK,
single_table_filters,Q098,98,0.3631,OK,
single_table_filters,Q099,99,0.6703,OK,
single_table_filters,Q100,100,0.4889,OK,
single_table_filters,Q101,101,1.3838,OK,
single_table_filters,Q102,102,0.5557,OK,
single_table_filters,Q103,103,0.3931,OK,
single_table_filters,Q104,104,0.9461,OK,
single_table_filters,Q105,105,1.2051,OK,
single_table_filters,Q106,106,1.1878,OK,
single_table_filters,Q107,107,1.3383,OK,
single_table_filters,Q108,108,1.3519,OK,
single_table_filters,Q109,109,0.899,OK,
single_table_filters,Q110,110,1.1867,OK,
single_table_filters,Q111,111,0.9365,OK,
two_table_joins,Q001,112,140.2611,OK,
two_table_joins,Q002,113,139.7185,OK,
two_table_joins,Q003,114,137.4216,OK,
two_table_joins,Q004,115,124.1511,OK,
two_table_joins,Q005,116,67.6515,OK,
two_table_joins,Q006,117,138.9567,OK,
two_table_joins,Q007,118,138.6136,OK,
two_table_joins,Q008,119,32.2543,OK,
two_table_joins,Q009,120,123.0076,OK,
two_table_joins,Q010,121,75.1407,OK,
two_table_joins,Q011,122,145.102,OK,
two_table_joins,Q012,123,135.5486,OK,
two_table_joins,Q013,124,35.5624,OK,
two_table_joins,Q014,125,58.3126,OK,
two_table_joins,Q015,126,66.4722,OK,
two_table_joins,Q016,127,575.3188,OK,
two_table_joins,Q017,128,340.6429,OK,
two_table_joins,Q018,129,556.9956,OK,
two_table_joins,Q019,130,254.216,OK,
two_table_joins,Q020,131,277.2138,OK,
two_table_joins,Q021,132,440.067,OK,
two_table_joins,Q022,133,274.1197,OK,
two_table_joins,Q023,134,348.4573,OK,
two_table_joins,Q024,135,202.8572,OK,
two_table_joins,Q025,136,529.6587,OK,
two_table_joins,Q026,137,76.6566,OK,
two_table_joins,Q027,138,59.2911,OK,
two_table_joins,Q028,139,37.5429,OK,
two_table_joins,Q029,140,45.5164,OK,
two_table_joins,Q030,141,66.7334,OK,
two_table_joins,Q031,142,60.7455,OK,
two_table_joins,Q032,143,67.4233,OK,
two_table_joins,Q033,144,51.1302,OK,
two_table_joins,Q034,145,57.4254,OK,
two_table_joins,Q035,146,61.5324,OK,
two_table_joins,Q036,147,146.6309,OK,
two_table_joins,Q037,148,331.7297,OK,
two_table_joins,Q038,149,41.8555,OK,
two_table_joins,Q039,150,51.8433,OK,
two_table_joins,Q040,151,185.3083,OK,
two_table_joins,Q041,152,981.3495,OK,
two_table_joins,Q042,153,302.8096,OK,
two_table_joins,Q043,154,971.6186,OK,
two_table_joins,Q044,155,159.2292,OK,
two_table_joins,Q045,156,93.5611,OK,
two_table_joins,Q046,157,105.0314,OK,
two_table_joins,Q047,158,78.175,OK,
two_table_joins,Q048,159,1.7084,OK,
two_table_joins,Q049,160,1.6105,OK,
two_table_joins,Q050,161,1.3112,OK,
two_table_joins,Q051,162,1.4789,OK,
two_table_joins,Q052,163,0.3941,OK,
two_table_joins,Q053,164,0.7646,OK,
two_table_joins,Q054,165,146.3007,OK,
two_table_joins,Q055,166,147.1312,OK,
two_table_joins,Q056,167,139.9099,OK,
two_table_joins,Q057,168,139.2603,OK,
two_table_joins,Q058,169,131.5397,OK,
two_table_joins,Q059,170,140.2102,OK,
two_table_joins,Q060,171,140.1819,OK,
two_table_joins,Q061,172,137.4126,OK,
two_table_joins,Q062,173,138.8683,OK,
two_table_joins,Q063,174,142.2467,OK,
two_table_joins,Q064,175,143.2642,OK,
two_table_joins,Q065,176,136.2878,OK,
two_table_joins,Q066,177,103.7198,OK,
two_table_joins,Q067,178,86.8833,OK,
two_table_joins,Q068,179,50.3182,OK,
two_table_joins,Q069,180,115.1186,OK,
two_table_joins,Q070,181,120.7432,OK,
two_table_joins,Q071,182,119.5228,OK,
two_table_joins,Q072,183,28.0252,OK,
two_table_joins,Q073,184,30.4213,OK,
two_table_joins,Q074,185,40.4137,OK,
two_table_joins,Q075,186,127.1028,OK,
two_table_joins,Q076,187,127.3469,OK,
two_table_joins,Q077,188,126.7235,OK,
two_table_joins,Q078,189,510.1797,OK,
two_table_joins,Q079,190,392.6699,OK,
two_table_joins,Q080,191,281.8519,OK,
two_table_joins,Q081,192,265.601,OK,
two_table_joins,Q082,193,460.5676,OK,
two_table_joins,Q083,194,357.1576,OK,
two_table_joins,Q084,195,263.8295,OK,
two_table_joins,Q085,196,250.7285,OK,
two_table_joins,Q086,197,414.0916,OK,
two_table_joins,Q087,198,326.4547,OK,
two_table_joins,Q088,199,244.8602,OK,
two_table_joins,Q089,200,264.6851,OK,
two_table_joins,Q090,201,438.8122,OK,
two_table_joins,Q091,202,329.6241,OK,
two_table_joins,Q092,203,275.8674,OK,
two_table_joins,Q093,204,262.1589,OK,
two_table_joins,Q094,205,248.4595,OK,
two_table_joins,Q095,206,181.0007,OK,
two_table_joins,Q096,207,178.8382,OK,
two_table_joins,Q097,208,230.5558,OK,
two_table_joins,Q098,209,320.2808,OK,
two_table_joins,Q099,210,222.4258,OK,
two_table_joins,Q100,211,172.154,OK,
two_table_joins,Q101,212,69.4616,OK,
two_table_joins,Q102,213,51.928,OK,
two_table_joins,Q103,214,44.6901,OK,
two_table_joins,Q104,215,36.9249,OK,
two_table_joins,Q105,216,66.5588,OK,
two_table_joins,Q106,217,52.3841,OK,
two_table_joins,Q107,218,33.0253,OK,
two_table_joins,Q108,219,30.8143,OK,
two_table_joins,Q109,220,46.1593,OK,
two_table_joins,Q110,221,44.9797,OK,
two_table_joins,Q111,222,44.3264,OK,
two_table_joins,Q112,223,43.5452,OK,
two_table_joins,Q113,224,23.17,OK,
two_table_joins,Q114,225,14.385,OK,
two_table_joins,Q115,226,14.3578,OK,
two_table_joins,Q116,227,64.3492,OK,
two_table_joins,Q117,228,63.901,OK,
two_table_joins,Q118,229,63.873,OK,
two_table_joins,Q119,230,62.9115,OK,
two_table_joins,Q120,231,54.9223,OK,
two_table_joins,Q121,232,53.2912,OK,
two_table_joins,Q122,233,54.9562,OK,
two_table_joins,Q123,234,62.354,OK,
two_table_joins,Q124,235,33.7447,OK,
two_table_joins,Q125,236,22.4135,OK,
two_table_joins,Q126,237,49.1989,OK,
two_table_joins,Q127,238,40.913,OK,
two_table_joins,Q128,239,59.7514,OK,
two_table_joins,Q129,240,59.2669,OK,
two_table_joins,Q130,241,205.1459,OK,
two_table_joins,Q131,242,253.8559,OK,
two_table_joins,Q132,243,30.6105,OK,
two_table_joins,Q133,244,10.7794,OK,
two_table_joins,Q134,245,188.0126,OK,
two_table_joins,Q135,246,405.2076,OK,
two_table_joins,Q136,247,211.6274,OK,
two_table_joins,Q137,248,218.8688,OK,
two_table_joins,Q138,249,224.822,OK,
two_table_joins,Q139,250,139.7978,OK,
two_table_joins,Q140,251,141.2527,OK,
two_table_joins,Q141,252,146.9456,OK,
two_table_joins,Q142,253,288.1156,OK,
two_table_joins,Q143,254,294.7945,OK,
two_table_joins,Q144,255,282.6608,OK,
two_table_joins,Q145,256,334.7912,OK,
two_table_joins,Q146,257,334.0855,OK,
two_table_joins,Q147,258,43.4807,OK,
two_table_joins,Q148,259,34.5581,OK,
two_table_joins,Q149,260,57.2613,OK,
two_table_joins,Q150,261,74.0911,OK,
two_table_joins,Q151,262,69.5999,OK,
two_table_joins,Q152,263,70.5813,OK,
two_table_joins,Q153,264,69.8504,OK,
two_table_joins,Q154,265,109.683,OK,
two_table_joins,Q155,266,515.825,OK,
two_table_joins,Q156,267,220.5269,OK,
two_table_joins,Q157,268,248.5995,OK,
two_table_joins,Q158,269,153.4798,OK,
two_table_joins,Q159,270,247.7348,OK,
two_table_joins,Q160,271,298.27,OK,
two_table_joins,Q161,272,34.0262,OK,
two_table_joins,Q162,273,46.9442,OK,
two_table_joins,Q163,274,75.9031,OK,
two_table_joins,Q164,275,172.1919,OK,
two_table_joins,Q165,276,117.6597,OK,
two_table_joins,Q166,277,293.2153,OK,
two_table_joins,Q167,278,31.2016,OK,
two_table_joins,Q168,279,59.2952,OK,
two_table_joins,Q169,280,302.8422,OK,
two_table_joins,Q170,281,60.5193,OK,
two_table_joins,Q171,282,206.8235,OK,
two_table_joins,Q172,283,42.687,OK,
two_table_joins,Q173,284,288.1938,OK,
two_table_joins,Q174,285,217.0469,OK,
two_table_joins,Q175,286,68.6012,OK,
two_table_joins,Q176,287,79.0138,OK,
two_table_joins,Q177,288,29.8829,OK,
two_table_joins,Q178,289,39.8706,OK,
two_table_joins,Q179,290,38.0619,OK,
two_table_joins,Q180,291,34.3389,OK,
two_table_joins,Q181,292,126.34,OK,
two_table_joins,Q182,293,195.8732,OK,
two_table_joins,Q183,294,184.6204,OK,
two_table_joins,Q184,295,42.0115,OK,
two_table_joins,Q185,296,18.5204,OK,
two_table_joins,Q186,297,84.6357,OK,
two_table_joins,Q187,298,145.8717,OK,
two_table_joins,Q188,299,,ERROR,1064 (42000): You have an error in your SQL syntax; check the manual that corresponds to your MySQL server version for the right syntax to use near 'FROM   ORDERS  o JOIN   LINEITEM l ON o.O_ORDERKEY = l.L_ORDERKEY GROUP BY YEAR(' at line 1
two_table_joins,Q189,300,258.1102,OK,
two_table_joins,Q190,301,46.4889,OK,
two_table_joins,Q191,302,133.6191,OK,
two_table_joins,Q192,303,175.9126,OK,
two_table_joins,Q193,304,235.9062,OK,
two_table_joins,Q194,305,119.8322,OK,
two_table_joins,Q195,306,263.9173,OK,
two_table_joins,Q196,307,355.765,OK,
two_table_joins,Q197,308,0.7931,OK,
two_table_joins,Q198,309,222.3349,OK,
two_table_joins,Q199,310,373.8357,OK,
two_table_joins,Q200,311,99.588,OK,
three_table_joins,Q001,312,212.0643,OK,
three_table_joins,Q002,313,184.2947,OK,
three_table_joins,Q003,314,151.5533,OK,
three_table_joins,Q004,315,167.1488,OK,
three_table_joins,Q005,316,97.6619,OK,
three_table_joins,Q006,317,161.4872,OK,
three_table_joins,Q007,318,104.0319,OK,
three_table_joins,Q008,319,59.2046,OK,
three_table_joins,Q009,320,214.1304,OK,
three_table_joins,Q010,321,199.6935,OK,
three_table_joins,Q011,322,296.5529,OK,
three_table_joins,Q012,323,201.1551,OK,
three_table_joins,Q013,324,148.9438,OK,
three_table_joins,Q014,325,267.7556,OK,
three_table_joins,Q015,326,196.7511,OK,
three_table_joins,Q016,327,263.7255,OK,
three_table_joins,Q017,328,390.3173,OK,
three_table_joins,Q018,329,119.3046,OK,
three_table_joins,Q019,330,274.4095,OK,
three_table_joins,Q020,331,5.4546,OK,
three_table_joins,Q021,332,814.6983,OK,
three_table_joins,Q022,333,772.1349,OK,
three_table_joins,Q023,334,729.2089,OK,
three_table_joins,Q024,335,481.1757,OK,
three_table_joins,Q025,336,482.2412,OK,
three_table_joins,Q026,337,837.6329,OK,
three_table_joins,Q027,338,893.3311,OK,
three_table_joins,Q028,339,1153.9612,OK,
three_table_joins,Q029,340,962.5337,OK,
three_table_joins,Q030,341,289.7308,OK,
three_table_joins,Q031,342,715.2869,OK,
three_table_joins,Q032,343,601.5926,OK,
three_table_joins,Q033,344,679.5914,OK,
three_table_joins,Q034,345,473.6952,OK,
three_table_joins,Q035,346,850.6844,OK,
three_table_joins,Q036,347,847.9342,OK,
three_table_joins,Q037,348,697.5605,OK,
three_table_joins,Q038,349,835.6339,OK,
three_table_joins,Q039,350,330.5251,OK,
three_table_joins,Q040,351,424.8694,OK,
three_table_joins,Q041,352,1394.1758,OK,
three_table_joins,Q042,353,1456.0547,OK,
three_table_joins,Q043,354,1160.4112,OK,
three_table_joins,Q044,355,1824.7175,OK,
three_table_joins,Q045,356,1421.713,OK,
three_table_joins,Q046,357,1658.7709,OK,
three_table_joins,Q047,358,1536.1837,OK,
three_table_joins,Q048,359,1490.0366,OK,
three_table_joins,Q049,360,696.566,OK,
three_table_joins,Q050,361,1466.2783,OK,
three_table_joins,Q051,362,1877.4957,OK,
three_table_joins,Q052,363,484.7275,OK,
three_table_joins,Q053,364,4591.3254,OK,
three_table_joins,Q054,365,1978.6837,OK,
three_table_joins,Q055,366,707.1038,OK,
three_table_joins,Q056,367,1879.559,OK,
three_table_joins,Q057,368,2002.2408,OK,
three_table_joins,Q058,369,4825.8965,OK,
three_table_joins,Q059,370,583.2397,OK,
three_table_joins,Q060,371,1633.049,OK,
three_table_joins,Q061,372,645.9112,OK,
three_table_joins,Q062,373,263.6136,OK,
three_table_joins,Q063,374,93.2764,OK,
three_table_joins,Q064,375,709.5815,OK,
three_table_joins,Q065,376,698.1001,OK,
three_table_joins,Q066,377,484.3707,OK,
three_table_joins,Q067,378,596.5423,OK,
three_table_joins,Q068,379,545.0169,OK,
three_table_joins,Q069,380,220.2168,OK,
three_table_joins,Q070,381,347.7536,OK,
three_table_joins,Q071,382,2.7342,OK,
three_table_joins,Q072,383,0.8073,OK,
three_table_joins,Q073,384,0.4751,OK,
three_table_joins,Q074,385,1.2939,OK,
three_table_joins,Q075,386,1.4872,OK,
three_table_joins,Q076,387,1.2878,OK,
three_table_joins,Q077,388,0.6166,OK,
three_table_joins,Q078,389,1.3287,OK,
three_table_joins,Q079,390,0.476,OK,
three_table_joins,Q080,391,1.424,OK,
three_table_joins,Q081,392,17.3548,OK,
three_table_joins,Q082,393,3.3009,OK,
three_table_joins,Q083,394,3.4588,OK,
three_table_joins,Q084,395,14.961,OK,
three_table_joins,Q085,396,17.4004,OK,
three_table_joins,Q086,397,16.6639,OK,
three_table_joins,Q087,398,8.6784,OK,
three_table_joins,Q088,399,18.9122,OK,
three_table_joins,Q089,400,8.9274,OK,
three_table_joins,Q090,401,9.7107,OK,
three_table_joins,Q091,402,981.8142,OK,
three_table_joins,Q092,403,107.9268,OK,
three_table_joins,Q093,404,3404.529,OK,
three_table_joins,Q094,405,1280.7165,OK,
three_table_joins,Q095,406,991.3356,OK,
three_table_joins,Q096,407,1136.4288,OK,
three_table_joins,Q097,408,387.9386,OK,
three_table_joins,Q098,409,953.9522,OK,
three_table_joins,Q099,410,1037.3163,OK,
three_table_joins,Q100,411,1727.258,OK,
three_table_joins,Q101,412,3309.3377,OK,
three_table_joins,Q102,413,281.1631,OK,
three_table_joins,Q103,414,1634.4727,OK,
three_table_joins,Q104,415,412.812,OK,
three_table_joins,Q105,416,1908.1913,OK,
three_table_joins,Q106,417,2032.1724,OK,
three_table_joins,Q107,418,877.8647,OK,
three_table_joins,Q108,419,462.097,OK,
three_table_joins,Q109,420,890.945,OK,
three_table_joins,Q110,421,1081.4207,OK,
three_table_joins,Q111,422,2.4333,OK,
three_table_joins,Q112,423,1570.5747,OK,
three_table_joins,Q113,424,1412.5983,OK,
three_table_joins,Q114,425,1130.6879,OK,
three_table_joins,Q115,426,2004.7473,OK,
three_table_joins,Q116,427,1182.5387,OK,
three_table_joins,Q117,428,1589.0652,OK,
three_table_joins,Q118,429,1419.3653,OK,
three_table_joins,Q119,430,1281.0294,OK,
three_table_joins,Q120,431,434.5488,OK,
three_table_joins,Q121,432,221.4231,OK,
three_table_joins,Q122,433,1376.8231,OK,
three_table_joins,Q123,434,519.7224,OK,
three_table_joins,Q124,435,1546.8362,OK,
three_table_joins,Q125,436,133.6248,OK,
three_table_joins,Q126,437,1066.033,OK,
three_table_joins,Q127,438,153.8503,OK,
three_table_joins,Q128,439,1397.334,OK,
three_table_joins,Q129,440,232.7887,OK,
three_table_joins,Q130,441,169.4828,OK,
three_table_joins,Q131,442,610.3092,OK,
three_table_joins,Q132,443,848.5255,OK,
three_table_joins,Q133,444,1223.6128,OK,
three_table_joins,Q134,445,178.3157,OK,
three_table_joins,Q135,446,694.9945,OK,
three_table_joins,Q136,447,258.4005,OK,
three_table_joins,Q137,448,105.9092,OK,
three_table_joins,Q138,449,848.3227,OK,
three_table_joins,Q139,450,14.5007,OK,
three_table_joins,Q140,451,835.4309,OK,
three_table_joins,Q141,452,255.6462,OK,
three_table_joins,Q142,453,114.3397,OK,
three_table_joins,Q143,454,114.2009,OK,
three_table_joins,Q144,455,505.1886,OK,
three_table_joins,Q145,456,19.4157,OK,
three_table_joins,Q146,457,60.0109,OK,
three_table_joins,Q147,458,37.7763,OK,
three_table_joins,Q148,459,603.2654,OK,
three_table_joins,Q149,460,286.8607,OK,
three_table_joins,Q150,461,400.3223,OK,
three_table_joins,Q151,462,49.8086,OK,
three_table_joins,Q152,463,109.3845,OK,
three_table_joins,Q153,464,1717.4719,OK,
three_table_joins,Q154,465,100.5805,OK,
three_table_joins,Q155,466,658.5001,OK,
three_table_joins,Q156,467,31.8228,OK,
three_table_joins,Q157,468,34.788,OK,
three_table_joins,Q158,469,19.0529,OK,
three_table_joins,Q159,470,416.5933,OK,
three_table_joins,Q160,471,78.5867,OK,
three_table_joins,Q161,472,54.6585,OK,
three_table_joins,Q162,473,817.4103,OK,
three_table_joins,Q163,474,13.4594,OK,
three_table_joins,Q164,475,6.4371,OK,
three_table_joins,Q165,476,325.8645,OK,
three_table_joins,Q166,477,197.689,OK,
three_table_joins,Q167,478,81.9089,OK,
three_table_joins,Q168,479,365.1573,OK,
three_table_joins,Q169,480,932.1588,OK,
three_table_joins,Q170,481,368.2152,OK,
three_table_joins,Q171,482,828.4625,OK,
three_table_joins,Q172,483,152.6864,OK,
three_table_joins,Q173,484,192.1745,OK,
three_table_joins,Q174,485,257.918,OK,
three_table_joins,Q175,486,367.9563,OK,
three_table_joins,Q176,487,609.4828,OK,
three_table_joins,Q177,488,30.983,OK,
three_table_joins,Q178,489,325.5222,OK,
three_table_joins,Q179,490,235.3483,OK,
three_table_joins,Q180,491,414.9129,OK,
three_table_joins,Q181,492,719.9962,OK,
three_table_joins,Q182,493,264.0343,OK,
three_table_joins,Q183,494,1026.3295,OK,
three_table_joins,Q184,495,270.6344,OK,
three_table_joins,Q185,496,555.8162,OK,
three_table_joins,Q186,497,643.2782,OK,
three_table_joins,Q187,498,250.5881,OK,
three_table_joins,Q188,499,748.8636,OK,
three_table_joins,Q189,500,168.0645,OK,
three_table_joins,Q190,501,1338.6162,OK,
three_table_joins,Q191,502,1368.0631,OK,
three_table_joins,Q192,503,572.4188,OK,
three_table_joins,Q193,504,516.3817,OK,
three_table_joins,Q194,505,19608.8515,OK,
three_table_joins,Q195,506,57.1181,OK,
three_table_joins,Q196,507,300.9929,OK,
three_table_joins,Q197,508,1762.1325,OK,
three_table_joins,Q198,509,1436.1867,OK,
three_table_joins,Q199,510,70.8501,OK,
three_table_joins,Q200,511,2883.4791,OK,
aggregation,Q001,512,4.0958,OK,
aggregation,Q002,513,127.5191,OK,
aggregation,Q003,514,2.2142,OK,
aggregation,Q004,515,3.9213,OK,
aggregation,Q005,516,82.92,OK,
aggregation,Q006,517,32.4669,OK,
aggregation,Q007,518,86.6208,OK,
aggregation,Q008,519,0.6066,OK,
aggregation,Q009,520,9.4498,OK,
aggregation,Q010,521,10.2903,OK,
aggregation,Q011,522,24.6009,OK,
aggregation,Q012,523,85.6804,OK,
aggregation,Q013,524,83.9408,OK,
aggregation,Q014,525,86.382,OK,
aggregation,Q015,526,3.865,OK,
aggregation,Q016,527,115.0787,OK,
aggregation,Q017,528,2.1948,OK,
aggregation,Q018,529,20.4849,OK,
aggregation,Q019,530,1.2083,OK,
aggregation,Q020,531,2.8908,OK,
aggregation,Q021,532,32.3461,OK,
aggregation,Q022,533,150.5671,OK,
aggregation,Q023,534,0.2515,OK,
aggregation,Q024,535,2.675,OK,
aggregation,Q025,536,18.4371,OK,
aggregation,Q026,537,28.4283,OK,
aggregation,Q027,538,2.6118,OK,
aggregation,Q028,539,0.5769,OK,
aggregation,Q029,540,106.9206,OK,
aggregation,Q030,541,0.5026,OK,
aggregation,Q031,542,48.2458,OK,
aggregation,Q032,543,387.4791,OK,
aggregation,Q033,544,4.8414,OK,
aggregation,Q034,545,5.8629,OK,
aggregation,Q035,546,27.7849,OK,
aggregation,Q036,547,42.117,OK,
aggregation,Q037,548,37.6737,OK,
aggregation,Q038,549,197.8983,OK,
aggregation,Q039,550,196.6858,OK,
aggregation,Q040,551,224.03,OK,
aggregation,Q041,552,0.4503,OK,
aggregation,Q042,553,10.1413,OK,
aggregation,Q043,554,39.9621,OK,
aggregation,Q044,555,134.3893,OK,
aggregation,Q045,556,40.6793,OK,
aggregation,Q046,557,28.3082,OK,
aggregation,Q047,558,226.1391,OK,
aggregation,Q048,559,4.5587,OK,
aggregation,Q049,560,5.7532,OK,
aggregation,Q050,561,228.4577,OK,
aggregation,Q051,562,5.3281,OK,
aggregation,Q052,563,6.0325,OK,
aggregation,Q053,564,94.7084,OK,
aggregation,Q054,565,379.6757,OK,
aggregation,Q055,566,196.8291,OK,
aggregation,Q056,567,5.3981,OK,
aggregation,Q057,568,55.3357,OK,
aggregation,Q058,569,174.5926,OK,
aggregation,Q059,570,50.5015,OK,
aggregation,Q060,571,52.1182,OK,
aggregation,Q061,572,163.4528,OK,
aggregation,Q062,573,124.9263,OK,
aggregation,Q063,574,300.3108,OK,
aggregation,Q064,575,161.4825,OK,
aggregation,Q065,576,9.0592,OK,
aggregation,Q066,577,935.6533,OK,
aggregation,Q067,578,152.5698,OK,
aggregation,Q068,579,250.7162,OK,
aggregation,Q069,580,234.0198,OK,
aggregation,Q070,581,296.8859,OK,
aggregation,Q071,582,47.4527,OK,
aggregation,Q072,583,7.121,OK,
aggregation,Q073,584,278.7908,OK,
aggregation,Q074,585,7.0418,OK,
aggregation,Q075,586,389.9578,OK,
aggregation,Q076,587,177.5,OK,
aggregation,Q077,588,577.6534,OK,
aggregation,Q078,589,694.49,OK,
aggregation,Q079,590,67.2859,OK,
aggregation,Q080,591,425.5543,OK,
aggregation,Q081,592,177.4683,OK,
aggregation,Q082,593,351.6745,OK,
aggregation,Q083,594,13.1538,OK,
aggregation,Q084,595,1401.5324,OK,
aggregation,Q085,596,36.4626,OK,
aggregation,Q086,597,163.6184,OK,
aggregation,Q087,598,721.5717,OK,
aggregation,Q088,599,18.5931,OK,
aggregation,Q089,600,279.5904,OK,
aggregation,Q090,601,179.4782,OK,
aggregation,Q091,602,53.3442,OK,
aggregation,Q092,603,33.1358,OK,
aggregation,Q093,604,46.0492,OK,
aggregation,Q094,605,240.4097,OK,
aggregation,Q095,606,3.9466,OK,
aggregation,Q096,607,304.6022,OK,
aggregation,Q097,608,6.1417,OK,
aggregation,Q098,609,79.5003,OK,
aggregation,Q099,610,40.2923,OK,
aggregation,Q100,611,12.5625,OK,
aggregation,Q101,612,6.7169,OK,
aggregation,Q102,613,242.2932,OK,
aggregation,Q103,614,12.6865,OK,
aggregation,Q104,615,39.6945,OK,
aggregation,Q105,616,10.0141,OK,
aggregation,Q106,617,311.5985,OK,
aggregation,Q107,618,51.311,OK,
aggregation,Q108,619,0.6391,OK,
aggregation,Q109,620,8.5464,OK,
aggregation,Q110,621,147.2991,OK,
aggregation,Q111,622,35.4402,OK,
aggregation,Q112,623,59.4208,OK,
aggregation,Q113,624,72.2778,OK,
aggregation,Q114,625,7.3563,OK,
aggregation,Q115,626,284.1476,OK,
aggregation,Q116,627,27.5242,OK,
aggregation,Q117,628,191.1121,OK,
aggregation,Q118,629,8.0687,OK,
aggregation,Q119,630,132.5067,OK,
aggregation,Q120,631,,ERROR,1054 (42S22): Unknown column 'r_regionkey' in 'field list'
aggregation,Q121,632,71.7039,OK,
aggregation,Q122,633,,TIMEOUT,TIMEOUT (>45s)
aggregation,Q123,634,208.5932,OK,
aggregation,Q124,635,46.9769,OK,
aggregation,Q125,636,829.0482,OK,
aggregation,Q126,637,121.9045,OK,
aggregation,Q127,638,33.3673,OK,
aggregation,Q128,639,165.6158,OK,
aggregation,Q129,640,620.8575,OK,
aggregation,Q130,641,122.6068,OK,
aggregation,Q131,642,41.6482,OK,
aggregation,Q132,643,1126.3278,OK,
aggregation,Q133,644,48.4113,OK,
aggregation,Q134,645,399.6433,OK,
aggregation,Q135,646,1089.1134,OK,
aggregation,Q136,647,140.1717,OK,
aggregation,Q137,648,70.711,OK,
aggregation,Q138,649,297.0563,OK,
aggregation,Q139,650,33.2706,OK,
aggregation,Q140,651,71.8903,OK,
aggregation,Q141,652,1.2655,OK,
aggregation,Q142,653,520.1613,OK,
aggregation,Q143,654,679.8155,OK,
aggregation,Q144,655,728.2869,OK,
aggregation,Q145,656,329.3226,OK,
aggregation,Q146,657,70.9536,OK,
aggregation,Q147,658,1.0023,OK,
aggregation,Q148,659,29.5958,OK,
aggregation,Q149,660,597.606,OK,
aggregation,Q150,661,61.871,OK,
aggregation,Q151,662,63.2096,OK,
aggregation,Q152,663,1236.4403,OK,
aggregation,Q153,664,257.4862,OK,
aggregation,Q154,665,81.1103,OK,
aggregation,Q155,666,236.6867,OK,
aggregation,Q156,667,290.6837,OK,
aggregation,Q157,668,867.6619,OK,
aggregation,Q158,669,99.1383,OK,
aggregation,Q159,670,229.7703,OK,
aggregation,Q160,671,285.0478,OK,
aggregation,Q161,672,185.4445,OK,
aggregation,Q162,673,126.4399,OK,
aggregation,Q163,674,1698.22,OK,
aggregation,Q164,675,643.7184,OK,
aggregation,Q165,676,234.8822,OK,
aggregation,Q166,677,404.8143,OK,
aggregation,Q167,678,61.4742,OK,
aggregation,Q168,679,63.5799,OK,
aggregation,Q169,680,297.545,OK,
aggregation,Q170,681,0.9895,OK,
aggregation,Q171,682,48.8595,OK,
aggregation,Q172,683,968.4816,OK,
aggregation,Q173,684,68.7065,OK,
aggregation,Q174,685,24.7948,OK,
aggregation,Q175,686,979.7323,OK,
aggregation,Q176,687,273.0211,OK,
aggregation,Q177,688,75.7319,OK,
aggregation,Q178,689,304.0636,OK,
aggregation,Q179,690,85.9953,OK,
aggregation,Q180,691,57.2061,OK,
aggregation,Q181,692,627.155,OK,
aggregation,Q182,693,114.8542,OK,
aggregation,Q183,694,80.6689,OK,
aggregation,Q184,695,118.8235,OK,
aggregation,Q185,696,182.3752,OK,
aggregation,Q186,697,162.1784,OK,
aggregation,Q187,698,551.2921,OK,
aggregation,Q188,699,193.4716,OK,
aggregation,Q189,700,271.4323,OK,
aggregation,Q190,701,1595.5464,OK,
aggregation,Q191,702,397.9565,OK,
aggregation,Q192,703,279.788,OK,
aggregation,Q193,704,681.3841,OK,
aggregation,Q194,705,570.6431,OK,
aggregation,Q195,706,1214.0968,OK,
aggregation,Q196,707,1758.5373,OK,
aggregation,Q197,708,161.9832,OK,
aggregation,Q198,709,175.3544,OK,
aggregation,Q199,710,101.78,OK,
aggregation,Q200,711,1816.8751,OK,
complex_queries,Q001,712,52.0042,OK,
complex_queries,Q002,713,262.227,OK,
complex_queries,Q003,714,281.3058,OK,
complex_queries,Q004,715,468.5095,OK,
complex_queries,Q005,716,79.1172,OK,
complex_queries,Q006,717,792.9479,OK,
complex_queries,Q007,718,58.4307,OK,
complex_queries,Q008,719,856.6631,OK,
complex_queries,Q009,720,37.2322,OK,
complex_queries,Q010,721,2504.3996,OK,
complex_queries,Q011,722,58.7883,OK,
complex_queries,Q012,723,167.3487,OK,
complex_queries,Q013,724,286.6551,OK,
complex_queries,Q014,725,68.4958,OK,
complex_queries,Q015,726,208.4597,OK,
complex_queries,Q016,727,1355.6318,OK,
complex_queries,Q017,728,40.3229,OK,
complex_queries,Q018,729,1231.7624,OK,
complex_queries,Q019,730,325.1717,OK,
complex_queries,Q020,731,202.9379,OK,
complex_queries,Q021,732,18.9398,OK,
complex_queries,Q022,733,48.0941,OK,
complex_queries,Q023,734,138.8754,OK,
complex_queries,Q024,735,646.0116,OK,
complex_queries,Q025,736,42.2175,OK,
complex_queries,Q026,737,69.4737,OK,
complex_queries,Q027,738,,TIMEOUT,TIMEOUT (>45s)
complex_queries,Q028,739,106.6859,OK,
complex_queries,Q029,740,375.5845,OK,
complex_queries,Q030,741,14.9697,OK,
complex_queries,Q031,742,154.0815,OK,
complex_queries,Q032,743,102.1521,OK,
complex_queries,Q033,744,97.0186,OK,
complex_queries,Q034,745,,TIMEOUT,TIMEOUT (>45s)
complex_queries,Q035,746,,TIMEOUT,TIMEOUT (>45s)
complex_queries,Q036,747,1996.5987,OK,
complex_queries,Q037,748,86.2742,OK,
complex_queries,Q038,749,188.7469,OK,
complex_queries,Q039,750,0.6178,OK,
complex_queries,Q040,751,78.0053,OK,
complex_queries,Q041,752,29.0078,OK,
complex_queries,Q042,753,5047.4072,OK,
complex_queries,Q043,754,1409.8332,OK,
complex_queries,Q044,755,,TIMEOUT,TIMEOUT (>45s)
complex_queries,Q045,756,31.9761,OK,
complex_queries,Q046,757,166.3257,OK,
complex_queries,Q047,758,530.4207,OK,
complex_queries,Q048,759,6.3066,OK,
complex_queries,Q049,760,277.4368,OK,
complex_queries,Q050,761,462.9525,OK,
complex_queries,Q051,762,30.4418,OK,
complex_queries,Q052,763,75.1548,OK,
complex_queries,Q053,764,476.04,OK,
complex_queries,Q054,765,253.1504,OK,
complex_queries,Q055,766,75.1087,OK,
complex_queries,Q056,767,11.5474,OK,
complex_queries,Q057,768,381.3141,OK,
complex_queries,Q058,769,137.4538,OK,
complex_queries,Q059,770,,TIMEOUT,TIMEOUT (>45s)
complex_queries,Q060,771,1.1456,OK,
complex_queries,Q061,772,993.1456,OK,
complex_queries,Q062,773,1736.1317,OK,
complex_queries,Q063,774,0.6217,OK,
complex_queries,Q064,775,342.1119,OK,
complex_queries,Q065,776,327.8933,OK,
complex_queries,Q066,777,,TIMEOUT,TIMEOUT (>45s)
complex_queries,Q067,778,336.3048,OK,
complex_queries,Q068,779,4.2624,OK,
complex_queries,Q069,780,341.2157,OK,
complex_queries,Q070,781,0.5203,OK,
complex_queries,Q071,782,263.3854,OK,
complex_queries,Q072,783,174.2279,OK,
complex_queries,Q073,784,7.3577,OK,
complex_queries,Q074,785,244.0698,OK,
complex_queries,Q075,786,80.9095,OK,
complex_queries,Q076,787,54.326,OK,
complex_queries,Q077,788,119.2855,OK,
complex_queries,Q078,789,451.7596,OK,
complex_queries,Q079,790,0.6888,OK,
complex_queries,Q080,791,31.861,OK,
complex_queries,Q081,792,19.4488,OK,
complex_queries,Q082,793,30135.7104,OK,
complex_queries,Q083,794,1.2484,OK,
complex_queries,Q084,795,6.7152,OK,
complex_queries,Q085,796,1088.8571,OK,
complex_queries,Q086,797,127.9368,OK,
complex_queries,Q087,798,63.5694,OK,
complex_queries,Q088,799,1.4201,OK,
complex_queries,Q089,800,830.4407,OK,
complex_queries,Q090,801,150.7555,OK,
complex_queries,Q091,802,24.9828,OK,
complex_queries,Q092,803,366.3117,OK,
complex_queries,Q093,804,,TIMEOUT,TIMEOUT (>45s)
complex_queries,Q094,805,1.072,OK,
complex_queries,Q095,806,659.4962,OK,
complex_queries,Q096,807,116.4568,OK,
complex_queries,Q097,808,268.8323,OK,
complex_queries,Q098,809,63.525,OK,
complex_queries,Q099,810,751.6321,OK,
complex_queries,Q100,811,,ERROR,1054 (42S22): Unknown column 'o_orderkey' in 'field list'
complex_queries,Q101,812,75.3146,OK,
complex_queries,Q102,813,219.9365,OK,
complex_queries,Q103,814,73.5502,OK,
complex_queries,Q104,815,348.2786,OK,
complex_queries,Q105,816,299.5801,OK,
complex_queries,Q106,817,557.4175,OK,
complex_queries,Q107,818,1322.983,OK,
complex_queries,Q108,819,244.3069,OK,
complex_queries,Q109,820,260.4896,OK,
complex_queries,Q110,821,1531.4335,OK,
complex_queries,Q111,822,1615.5081,OK,
complex_queries,Q112,823,46.6542,OK,
complex_queries,Q113,824,386.006,OK,
complex_queries,Q114,825,106.6596,OK,
complex_queries,Q115,826,,ERROR,1052 (23000): Column 'p_partkey' in field list is ambiguous
complex_queries,Q116,827,255.1312,OK,
complex_queries,Q117,828,4428.728,OK,
complex_queries,Q118,829,56.8277,OK,
complex_queries,Q119,830,1630.1665,OK,
complex_queries,Q120,831,76.5417,OK,
complex_queries,Q121,832,288.0356,OK,
complex_queries,Q122,833,247.9067,OK,
complex_queries,Q123,834,403.4531,OK,
complex_queries,Q124,835,785.0303,OK,
complex_queries,Q125,836,292.0327,OK,
complex_queries,Q126,837,119.8387,OK,
complex_queries,Q127,838,428.2214,OK,
complex_queries,Q128,839,1574.5694,OK,
complex_queries,Q129,840,1288.4018,OK,
complex_queries,Q130,841,3326.4212,OK,
complex_queries,Q131,842,1383.5803,OK,
complex_queries,Q132,843,102.8794,OK,
complex_queries,Q133,844,300.1958,OK,
complex_queries,Q134,845,1322.2329,OK,
complex_queries,Q135,846,585.2501,OK,
complex_queries,Q136,847,342.44,OK,
complex_queries,Q137,848,252.7687,OK,
complex_queries,Q138,849,321.5532,OK,
complex_queries,Q139,850,458.8347,OK,
complex_queries,Q140,851,,ERROR,1690 (22003): BIGINT UNSIGNED value is out of range in '(`ranked`.`rank_1997` - `ranked`.`rank_1994`)'
complex_queries,Q141,852,1975.5371,OK,
complex_queries,Q142,853,471.4337,OK,
complex_queries,Q143,854,281.7294,OK,
complex_queries,Q144,855,616.9446,OK,
complex_queries,Q145,856,301.7169,OK,
complex_queries,Q146,857,,TIMEOUT,TIMEOUT (>45s)
complex_queries,Q147,858,92.9827,OK,
complex_queries,Q148,859,109.503,OK,
complex_queries,Q149,860,354.3359,OK,
complex_queries,Q150,861,271.1557,OK,
complex_queries,Q151,862,27415.0892,OK,
complex_queries,Q152,863,2237.5463,OK,
complex_queries,Q153,864,30.1798,OK,
complex_queries,Q154,865,544.0052,OK,
complex_queries,Q155,866,292.8682,OK,
complex_queries,Q156,867,,TIMEOUT,TIMEOUT (>45s)
complex_queries,Q157,868,,TIMEOUT,TIMEOUT (>45s)
complex_queries,Q158,869,206.8651,OK,
complex_queries,Q159,870,122.5068,OK,
complex_queries,Q160,871,839.4405,OK,
complex_queries,Q161,872,18.3849,OK,
complex_queries,Q162,873,56.3432,OK,
complex_queries,Q163,874,608.8512,OK,
complex_queries,Q164,875,281.7106,OK,
complex_queries,Q165,876,2382.9663,OK,
complex_queries,Q166,877,105.2401,OK,
complex_queries,Q167,878,254.9533,OK,
complex_queries,Q168,879,194.7354,OK,
complex_queries,Q169,880,185.7304,OK,
complex_queries,Q170,881,155.2958,OK,
complex_queries,Q171,882,261.8853,OK,
complex_queries,Q172,883,37.3992,OK,
complex_queries,Q173,884,,TIMEOUT,TIMEOUT (>45s)
complex_queries,Q174,885,166.6565,OK,
complex_queries,Q175,886,356.0268,OK,
complex_queries,Q176,887,3413.7226,OK,
complex_queries,Q177,888,867.539,OK,
complex_queries,Q178,889,171.4287,OK,
complex_queries,Q179,890,820.1491,OK,
complex_queries,Q180,891,663.162,OK,
complex_queries,Q181,892,2458.0157,OK,
complex_queries,Q182,893,2982.0273,OK,
complex_queries,Q183,894,116.9099,OK,
complex_queries,Q184,895,471.4955,OK,
complex_queries,Q185,896,865.4378,OK,
complex_queries,Q186,897,235.2469,OK,
complex_queries,Q187,898,2137.6816,OK,
complex_queries,Q188,899,2007.5584,OK,
complex_queries,Q189,900,1221.4697,OK,
complex_queries,Q190,901,511.1112,OK,
complex_queries,Q191,902,58.6948,OK,
complex_queries,Q192,903,245.5831,OK,
complex_queries,Q193,904,280.4589,OK,
complex_queries,Q194,905,558.0295,OK,
complex_queries,Q195,906,919.3157,OK,
complex_queries,Q196,907,5435.4533,OK,
complex_queries,Q197,908,742.2869,OK,
complex_queries,Q198,909,5435.825,OK,
complex_queries,Q199,910,1684.7135,OK,
complex_queries,Q200,911,2811.8684,OK,
