category,query_id,table,column,clause,priority,priority_score,needs_index,is_full_scan,clause_weight,full_scan_bonus
single_table_filters,Q001,orders,o_totalprice,WHERE,HIGH,1.0,0,1,3.0,2.0
single_table_filters,Q002,orders,o_totalprice,WHERE,HIGH,1.0,0,1,3.0,2.0
single_table_filters,Q004,orders,o_orderdate,WHERE,HIGH,1.0,0,1,3.0,2.0
single_table_filters,Q005,orders,o_orderdate,WHERE,LOW,0.0,0,1,3.0,2.0
single_table_filters,Q011,orders,o_orderdate,WHERE,HIGH,0.9986,0,1,3.0,2.0
single_table_filters,Q011,orders,o_totalprice,WHERE,HIGH,0.9986,0,1,3.0,2.0
single_table_filters,Q027,lineitem,l_quantity,WHERE,HIGH,1.0,0,1,3.0,2.0
single_table_filters,Q028,lineitem,l_quantity,WHERE,HIGH,1.0,0,1,3.0,2.0
single_table_filters,Q029,lineitem,l_shipdate,WHERE,HIGH,1.0,0,1,3.0,2.0
single_table_filters,Q030,lineitem,l_discount,WHERE,HIGH,1.0,0,1,3.0,2.0
single_table_filters,Q031,lineitem,l_quantity,WHERE,HIGH,1.0,0,1,3.0,2.0
single_table_filters,Q032,lineitem,l_quantity,WHERE,HIGH,1.0,0,1,3.0,2.0
single_table_filters,Q034,lineitem,l_shipdate,WHERE,HIGH,1.0,0,1,3.0,2.0
single_table_filters,Q035,lineitem,l_discount,WHERE,HIGH,1.0,0,1,3.0,2.0
single_table_filters,Q038,lineitem,l_quantity,WHERE,HIGH,1.0,0,1,3.0,2.0
single_table_filters,Q038,lineitem,l_discount,WHERE,HIGH,1.0,0,1,3.0,2.0
single_table_filters,Q041,lineitem,l_shipdate,WHERE,HIGH,1.0,0,1,3.0,2.0
single_table_filters,Q042,lineitem,l_discount,WHERE,HIGH,1.0,0,1,3.0,2.0
single_table_filters,Q043,lineitem,l_quantity,WHERE,HIGH,1.0,0,1,3.0,2.0
single_table_filters,Q043,lineitem,l_shipdate,WHERE,HIGH,1.0,0,1,3.0,2.0
single_table_filters,Q054,customer,c_acctbal,WHERE,HIGH,1.0,0,1,3.0,2.0
single_table_filters,Q055,customer,c_acctbal,WHERE,HIGH,1.0,0,1,3.0,2.0
single_table_filters,Q058,customer,c_nationkey,WHERE,HIGH,1.0,0,1,3.0,2.0
single_table_filters,Q061,customer,c_custkey,SELECT,HIGH,1.0,0,1,1.0,2.0
single_table_filters,Q061,customer,c_name,SELECT,HIGH,1.0,0,1,1.0,2.0
single_table_filters,Q061,customer,c_acctbal,WHERE,HIGH,1.0,0,1,3.0,2.0
single_table_filters,Q063,customer,c_acctbal,WHERE,HIGH,1.0,0,1,3.0,2.0
single_table_filters,Q066,customer,c_custkey,SELECT,HIGH,1.0,0,1,1.0,2.0
single_table_filters,Q066,customer,c_name,SELECT,HIGH,1.0,0,1,1.0,2.0
single_table_filters,Q066,customer,c_name,WHERE,HIGH,1.0,0,1,3.0,2.0
single_table_filters,Q077,part,p_size,WHERE,LOW,0.0,0,1,3.0,2.0
single_table_filters,Q078,part,p_retailprice,WHERE,HIGH,1.0,0,1,3.0,2.0
single_table_filters,Q079,part,p_retailprice,WHERE,HIGH,1.0,0,1,3.0,2.0
single_table_filters,Q081,part,p_size,WHERE,HIGH,1.0,0,1,3.0,2.0
single_table_filters,Q084,part,p_retailprice,WHERE,HIGH,1.0,0,1,3.0,2.0
single_table_filters,Q086,part,p_name,SELECT,HIGH,1.0,0,1,1.0,2.0
single_table_filters,Q086,part,p_name,WHERE,HIGH,1.0,0,1,3.0,2.0
single_table_filters,Q086,part,p_partkey,SELECT,HIGH,1.0,0,1,1.0,2.0
single_table_filters,Q096,supplier,s_acctbal,WHERE,HIGH,1.0,0,1,3.0,2.0
single_table_filters,Q099,supplier,s_acctbal,WHERE,HIGH,1.0,0,1,3.0,2.0
single_table_filters,Q100,supplier,s_suppkey,SELECT,HIGH,1.0,0,1,1.0,2.0
single_table_filters,Q100,supplier,s_phone,SELECT,HIGH,1.0,0,1,1.0,2.0
single_table_filters,Q100,supplier,s_nationkey,WHERE,HIGH,1.0,0,1,3.0,2.0
single_table_filters,Q101,supplier,s_acctbal,WHERE,HIGH,1.0,0,1,3.0,2.0
aggregation,Q002,lineitem,l_extendedprice,SELECT,HIGH,1.0,0,1,1.0,2.0
aggregation,Q002,lineitem,l_discount,SELECT,HIGH,1.0,0,1,1.0,2.0
aggregation,Q009,partsupp,ps_availqty,SELECT,HIGH,1.0,0,1,1.0,2.0
aggregation,Q013,lineitem,l_extendedprice,SELECT,HIGH,1.0,0,1,1.0,2.0
aggregation,Q015,part,p_container,WHERE,HIGH,1.0,0,1,3.0,2.0
aggregation,Q016,lineitem,l_extendedprice,SELECT,HIGH,1.0,0,1,1.0,2.0
aggregation,Q016,lineitem,l_tax,SELECT,HIGH,1.0,0,1,1.0,2.0
aggregation,Q022,lineitem,l_shipinstruct,WHERE,HIGH,1.0,0,1,3.0,2.0
aggregation,Q022,lineitem,l_extendedprice,SELECT,HIGH,1.0,0,1,1.0,2.0
aggregation,Q022,lineitem,l_discount,SELECT,HIGH,1.0,0,1,1.0,2.0
aggregation,Q026,orders,o_orderpriority,WHERE,HIGH,1.0,0,1,3.0,2.0
aggregation,Q026,orders,o_totalprice,SELECT,HIGH,1.0,0,1,1.0,2.0
aggregation,Q034,part,p_mfgr,SELECT,HIGH,1.0,0,1,1.0,2.0
aggregation,Q034,part,p_mfgr,GROUP_BY,HIGH,1.0,0,1,1.5,2.0
aggregation,Q037,orders,o_orderpriority,GROUP_BY,HIGH,1.0,0,1,1.5,2.0
aggregation,Q037,orders,o_orderpriority,SELECT,HIGH,1.0,0,1,1.0,2.0
aggregation,Q038,lineitem,l_quantity,SELECT,HIGH,1.0,0,1,1.0,2.0
aggregation,Q038,lineitem,l_shipmode,GROUP_BY,HIGH,1.0,0,1,1.5,2.0
aggregation,Q038,lineitem,l_shipmode,SELECT,HIGH,1.0,0,1,1.0,2.0
aggregation,Q039,lineitem,l_discount,SELECT,HIGH,1.0,0,1,1.0,2.0
aggregation,Q039,lineitem,l_shipmode,GROUP_BY,HIGH,1.0,0,1,1.5,2.0
aggregation,Q039,lineitem,l_shipmode,SELECT,HIGH,1.0,0,1,1.0,2.0
aggregation,Q044,lineitem,l_linestatus,GROUP_BY,HIGH,1.0,0,1,1.5,2.0
aggregation,Q044,lineitem,l_linestatus,SELECT,HIGH,1.0,0,1,1.0,2.0
aggregation,Q056,part,p_container,GROUP_BY,HIGH,1.0,0,1,1.5,2.0
aggregation,Q056,part,p_container,SELECT,HIGH,1.0,0,1,1.0,2.0
aggregation,Q057,orders,o_orderpriority,GROUP_BY,HIGH,1.0,0,1,1.5,2.0
aggregation,Q057,orders,o_orderpriority,SELECT,HIGH,1.0,0,1,1.0,2.0
aggregation,Q057,orders,o_totalprice,SELECT,HIGH,1.0,0,1,1.0,2.0
aggregation,Q062,orders,o_orderpriority,GROUP_BY,HIGH,1.0,0,1,1.5,2.0
aggregation,Q062,orders,o_orderpriority,SELECT,HIGH,1.0,0,1,1.0,2.0
aggregation,Q062,orders,o_custkey,GROUP_BY,HIGH,1.0,0,1,1.5,2.0
aggregation,Q062,orders,o_custkey,SELECT,HIGH,1.0,0,1,1.0,2.0
aggregation,Q062,orders,o_custkey,ORDER_BY,HIGH,1.0,0,1,1.0,2.0
aggregation,Q063,lineitem,l_shipmode,SELECT,HIGH,1.0,0,1,1.0,2.0
aggregation,Q063,lineitem,l_returnflag,SELECT,HIGH,1.0,0,1,1.0,2.0
aggregation,Q063,lineitem,l_shipmode,GROUP_BY,HIGH,1.0,0,1,1.5,2.0
aggregation,Q063,lineitem,l_returnflag,GROUP_BY,HIGH,1.0,0,1,1.5,2.0
aggregation,Q063,lineitem,l_shipmode,ORDER_BY,HIGH,1.0,0,1,1.0,2.0
aggregation,Q063,lineitem,l_discount,SELECT,HIGH,1.0,0,1,1.0,2.0
aggregation,Q063,lineitem,l_extendedprice,SELECT,HIGH,1.0,0,1,1.0,2.0
aggregation,Q063,lineitem,l_returnflag,ORDER_BY,HIGH,1.0,0,1,1.0,2.0
aggregation,Q065,part,p_container,ORDER_BY,HIGH,1.0,0,1,1.0,2.0
aggregation,Q065,part,p_brand,ORDER_BY,HIGH,1.0,0,1,1.0,2.0
aggregation,Q065,part,p_brand,SELECT,HIGH,1.0,0,1,1.0,2.0
aggregation,Q065,part,p_brand,GROUP_BY,HIGH,1.0,0,1,1.5,2.0
aggregation,Q065,part,p_container,GROUP_BY,HIGH,1.0,0,1,1.5,2.0
aggregation,Q065,part,p_container,SELECT,HIGH,1.0,0,1,1.0,2.0
aggregation,Q066,part,p_type,GROUP_BY,HIGH,1.0,0,1,1.5,2.0
aggregation,Q066,part,p_type,SELECT,HIGH,1.0,0,1,1.0,2.0
aggregation,Q066,part,p_partkey,JOIN_ON,HIGH,1.0,0,1,2.5,2.0
aggregation,Q066,part,p_brand,SELECT,HIGH,1.0,0,1,1.0,2.0
aggregation,Q066,part,p_brand,GROUP_BY,HIGH,1.0,0,1,1.5,2.0
aggregation,Q068,lineitem,l_shipmode,SELECT,HIGH,1.0,0,1,1.0,2.0
aggregation,Q068,lineitem,l_shipmode,GROUP_BY,HIGH,1.0,0,1,1.5,2.0
aggregation,Q068,lineitem,l_shipmode,ORDER_BY,HIGH,1.0,0,1,1.0,2.0
aggregation,Q068,lineitem,l_linestatus,GROUP_BY,HIGH,1.0,0,1,1.5,2.0
aggregation,Q068,lineitem,l_linestatus,SELECT,HIGH,1.0,0,1,1.0,2.0
aggregation,Q068,lineitem,l_discount,SELECT,HIGH,1.0,0,1,1.0,2.0
aggregation,Q068,lineitem,l_linestatus,ORDER_BY,HIGH,1.0,0,1,1.0,2.0
aggregation,Q069,customer,c_mktsegment,SELECT,HIGH,0.9983,0,1,1.0,2.0
aggregation,Q069,customer,c_nationkey,JOIN_ON,HIGH,0.9983,0,1,2.5,2.0
aggregation,Q069,customer,c_mktsegment,GROUP_BY,HIGH,0.9983,0,1,1.5,2.0
aggregation,Q069,customer,c_custkey,JOIN_ON,HIGH,0.9983,0,1,2.5,2.0
aggregation,Q070,lineitem,l_quantity,SELECT,HIGH,1.0,0,1,1.0,2.0
aggregation,Q070,lineitem,l_suppkey,GROUP_BY,HIGH,1.0,0,1,1.5,2.0
aggregation,Q070,lineitem,l_shipmode,SELECT,HIGH,1.0,0,1,1.0,2.0
aggregation,Q070,lineitem,l_suppkey,ORDER_BY,HIGH,1.0,0,1,1.0,2.0
aggregation,Q070,lineitem,l_shipmode,GROUP_BY,HIGH,1.0,0,1,1.5,2.0
aggregation,Q070,lineitem,l_suppkey,SELECT,HIGH,1.0,0,1,1.0,2.0
aggregation,Q071,orders,o_orderpriority,GROUP_BY,HIGH,1.0,0,1,1.5,2.0
aggregation,Q071,orders,o_orderpriority,SELECT,HIGH,1.0,0,1,1.0,2.0
aggregation,Q071,orders,o_orderpriority,ORDER_BY,HIGH,1.0,0,1,1.0,2.0
aggregation,Q071,orders,o_orderdate,GROUP_BY,HIGH,1.0,0,1,1.5,2.0
aggregation,Q071,orders,o_orderdate,SELECT,HIGH,1.0,0,1,1.0,2.0
aggregation,Q072,customer,c_acctbal,SELECT,HIGH,1.0,0,1,1.0,2.0
aggregation,Q072,customer,c_mktsegment,SELECT,HIGH,1.0,0,1,1.0,2.0
aggregation,Q072,customer,c_mktsegment,GROUP_BY,HIGH,1.0,0,1,1.5,2.0
aggregation,Q072,customer,c_nationkey,SELECT,HIGH,1.0,0,1,1.0,2.0
aggregation,Q072,customer,c_nationkey,GROUP_BY,HIGH,1.0,0,1,1.5,2.0
aggregation,Q072,customer,c_nationkey,ORDER_BY,HIGH,1.0,0,1,1.0,2.0
aggregation,Q073,region,r_regionkey,JOIN_ON,HIGH,1.0,0,1,2.5,2.0
aggregation,Q073,region,r_name,SELECT,HIGH,1.0,0,1,1.0,2.0
aggregation,Q073,region,r_name,GROUP_BY,HIGH,1.0,0,1,1.5,2.0
aggregation,Q073,nation,n_regionkey,JOIN_ON,HIGH,1.0,0,1,2.5,2.0
aggregation,Q073,region,r_name,ORDER_BY,HIGH,1.0,0,1,1.0,2.0
aggregation,Q073,nation,n_nationkey,JOIN_ON,HIGH,1.0,0,1,2.5,2.0
aggregation,Q074,part,p_brand,SELECT,HIGH,1.0,0,1,1.0,2.0
aggregation,Q074,part,p_mfgr,GROUP_BY,HIGH,1.0,0,1,1.5,2.0
aggregation,Q074,part,p_mfgr,SELECT,HIGH,1.0,0,1,1.0,2.0
aggregation,Q074,part,p_brand,GROUP_BY,HIGH,1.0,0,1,1.5,2.0
aggregation,Q074,part,p_brand,ORDER_BY,HIGH,1.0,0,1,1.0,2.0
aggregation,Q074,part,p_mfgr,ORDER_BY,HIGH,1.0,0,1,1.0,2.0
aggregation,Q079,orders,o_clerk,GROUP_BY,HIGH,1.0,0,1,1.5,2.0
aggregation,Q079,orders,o_clerk,ORDER_BY,HIGH,1.0,0,1,1.0,2.0
aggregation,Q079,orders,o_orderdate,GROUP_BY,HIGH,1.0,0,1,1.5,2.0
aggregation,Q079,orders,o_orderdate,SELECT,HIGH,1.0,0,1,1.0,2.0
aggregation,Q079,orders,o_clerk,SELECT,HIGH,1.0,0,1,1.0,2.0
aggregation,Q080,lineitem,l_quantity,SELECT,HIGH,1.0,0,1,1.0,2.0
aggregation,Q080,lineitem,l_partkey,GROUP_BY,HIGH,1.0,0,1,1.5,2.0
aggregation,Q080,lineitem,l_returnflag,SELECT,HIGH,1.0,0,1,1.0,2.0
aggregation,Q080,lineitem,l_returnflag,GROUP_BY,HIGH,1.0,0,1,1.5,2.0
aggregation,Q080,lineitem,l_partkey,ORDER_BY,HIGH,1.0,0,1,1.0,2.0
aggregation,Q080,lineitem,l_partkey,SELECT,HIGH,1.0,0,1,1.0,2.0
aggregation,Q081,region,r_regionkey,JOIN_ON,HIGH,1.0,0,1,2.5,2.0
aggregation,Q081,region,r_name,SELECT,HIGH,1.0,0,1,1.0,2.0
aggregation,Q081,region,r_name,GROUP_BY,HIGH,1.0,0,1,1.5,2.0
aggregation,Q081,nation,n_regionkey,JOIN_ON,HIGH,1.0,0,1,2.5,2.0
aggregation,Q081,region,r_name,ORDER_BY,HIGH,1.0,0,1,1.0,2.0
aggregation,Q081,nation,n_nationkey,JOIN_ON,HIGH,1.0,0,1,2.5,2.0
aggregation,Q082,lineitem,l_shipdate,GROUP_BY,HIGH,1.0,0,1,1.5,2.0
aggregation,Q082,lineitem,l_returnflag,SELECT,HIGH,1.0,0,1,1.0,2.0
aggregation,Q082,lineitem,l_shipdate,SELECT,HIGH,1.0,0,1,1.0,2.0
aggregation,Q082,lineitem,l_returnflag,GROUP_BY,HIGH,1.0,0,1,1.5,2.0
aggregation,Q082,lineitem,l_discount,SELECT,HIGH,1.0,0,1,1.0,2.0
aggregation,Q082,lineitem,l_extendedprice,SELECT,HIGH,1.0,0,1,1.0,2.0
aggregation,Q083,part,p_size,ORDER_BY,HIGH,1.0,0,1,1.0,2.0
aggregation,Q083,part,p_container,ORDER_BY,HIGH,1.0,0,1,1.0,2.0
aggregation,Q083,part,p_size,GROUP_BY,HIGH,1.0,0,1,1.5,2.0
aggregation,Q083,part,p_container,GROUP_BY,HIGH,1.0,0,1,1.5,2.0
aggregation,Q083,part,p_size,SELECT,HIGH,1.0,0,1,1.0,2.0
aggregation,Q083,part,p_container,SELECT,HIGH,1.0,0,1,1.0,2.0
aggregation,Q085,part,p_type,GROUP_BY,HIGH,1.0,0,1,1.5,2.0
aggregation,Q085,part,p_retailprice,SELECT,HIGH,1.0,0,1,1.0,2.0
aggregation,Q085,part,p_type,SELECT,HIGH,1.0,0,1,1.0,2.0
aggregation,Q085,part,p_size,ORDER_BY,HIGH,1.0,0,1,1.0,2.0
aggregation,Q085,part,p_type,ORDER_BY,HIGH,1.0,0,1,1.0,2.0
aggregation,Q085,part,p_size,GROUP_BY,HIGH,1.0,0,1,1.5,2.0
aggregation,Q085,part,p_size,SELECT,HIGH,1.0,0,1,1.0,2.0
aggregation,Q087,region,r_regionkey,JOIN_ON,HIGH,1.0,0,1,2.5,2.0
aggregation,Q087,region,r_name,SELECT,HIGH,1.0,0,1,1.0,2.0
aggregation,Q087,region,r_name,GROUP_BY,HIGH,1.0,0,1,1.5,2.0
aggregation,Q087,nation,n_regionkey,JOIN_ON,HIGH,1.0,0,1,2.5,2.0
aggregation,Q087,region,r_name,ORDER_BY,HIGH,1.0,0,1,1.0,2.0
aggregation,Q087,nation,n_nationkey,JOIN_ON,HIGH,1.0,0,1,2.5,2.0
aggregation,Q088,region,r_name,SELECT,HIGH,1.0,0,1,1.0,2.0
aggregation,Q088,region,r_name,GROUP_BY,HIGH,1.0,0,1,1.5,2.0
aggregation,Q088,nation,n_regionkey,JOIN_ON,HIGH,1.0,0,1,2.5,2.0
aggregation,Q088,region,r_regionkey,JOIN_ON,HIGH,1.0,0,1,2.5,2.0
aggregation,Q088,region,r_name,ORDER_BY,HIGH,1.0,0,1,1.0,2.0
aggregation,Q088,nation,n_nationkey,JOIN_ON,HIGH,1.0,0,1,2.5,2.0
aggregation,Q089,lineitem,l_shipmode,SELECT,HIGH,1.0,0,1,1.0,2.0
aggregation,Q089,lineitem,l_shipdate,GROUP_BY,HIGH,1.0,0,1,1.5,2.0
aggregation,Q089,lineitem,l_shipdate,SELECT,HIGH,1.0,0,1,1.0,2.0
aggregation,Q089,lineitem,l_shipmode,GROUP_BY,HIGH,1.0,0,1,1.5,2.0
aggregation,Q089,lineitem,l_shipmode,ORDER_BY,HIGH,1.0,0,1,1.0,2.0
aggregation,Q089,lineitem,l_discount,SELECT,HIGH,1.0,0,1,1.0,2.0
aggregation,Q089,lineitem,l_extendedprice,SELECT,HIGH,1.0,0,1,1.0,2.0
aggregation,Q090,lineitem,l_shipdate,GROUP_BY,HIGH,1.0,0,1,1.5,2.0
aggregation,Q090,lineitem,l_returnflag,SELECT,HIGH,1.0,0,1,1.0,2.0
aggregation,Q090,lineitem,l_shipdate,SELECT,HIGH,1.0,0,1,1.0,2.0
aggregation,Q090,lineitem,l_returnflag,GROUP_BY,HIGH,1.0,0,1,1.5,2.0
aggregation,Q090,lineitem,l_returnflag,ORDER_BY,HIGH,1.0,0,1,1.0,2.0
aggregation,Q094,lineitem,l_discount,SELECT,HIGH,1.0,0,1,1.0,2.0
aggregation,Q094,lineitem,l_shipmode,GROUP_BY,HIGH,1.0,0,1,1.5,2.0
aggregation,Q094,lineitem,l_shipmode,SELECT,HIGH,1.0,0,1,1.0,2.0
aggregation,Q094,lineitem,l_discount,HAVING,HIGH,1.0,0,1,1.0,2.0
aggregation,Q097,part,p_mfgr,SELECT,HIGH,1.0,0,1,1.0,2.0
aggregation,Q097,part,p_mfgr,GROUP_BY,HIGH,1.0,0,1,1.5,2.0
aggregation,Q100,partsupp,ps_availqty,SELECT,HIGH,1.0,0,1,1.0,2.0
aggregation,Q100,partsupp,ps_partkey,SELECT,HIGH,1.0,0,1,1.0,2.0
aggregation,Q100,partsupp,ps_availqty,WHERE,HIGH,1.0,0,1,3.0,2.0
aggregation,Q100,partsupp,ps_availqty,ORDER_BY,HIGH,1.0,0,1,1.0,2.0
aggregation,Q100,partsupp,ps_suppkey,SELECT,HIGH,1.0,0,1,1.0,2.0
aggregation,Q102,lineitem,l_quantity,SELECT,HIGH,1.0,0,1,1.0,2.0
aggregation,Q102,lineitem,l_shipmode,GROUP_BY,HIGH,1.0,0,1,1.5,2.0
aggregation,Q102,lineitem,l_quantity,HAVING,HIGH,1.0,0,1,1.0,2.0
aggregation,Q102,lineitem,l_shipmode,SELECT,HIGH,1.0,0,1,1.0,2.0
aggregation,Q104,orders,o_clerk,GROUP_BY,HIGH,1.0,0,1,1.5,2.0
aggregation,Q104,orders,o_clerk,SELECT,HIGH,1.0,0,1,1.0,2.0
aggregation,Q112,orders,o_orderpriority,GROUP_BY,HIGH,1.0,0,1,1.5,2.0
aggregation,Q112,orders,o_totalprice,HAVING,HIGH,1.0,0,1,1.0,2.0
aggregation,Q112,orders,o_orderpriority,SELECT,HIGH,1.0,0,1,1.0,2.0
aggregation,Q112,orders,o_totalprice,SELECT,HIGH,1.0,0,1,1.0,2.0
aggregation,Q114,part,p_size,HAVING,HIGH,1.0,0,1,1.0,2.0
aggregation,Q114,part,p_container,GROUP_BY,HIGH,1.0,0,1,1.5,2.0
aggregation,Q114,part,p_size,SELECT,HIGH,1.0,0,1,1.0,2.0
aggregation,Q114,part,p_container,SELECT,HIGH,1.0,0,1,1.0,2.0
aggregation,Q125,nation,n_name,GROUP_BY,HIGH,1.0,0,1,1.5,2.0
aggregation,Q125,nation,n_name,SELECT,HIGH,1.0,0,1,1.0,2.0
aggregation,Q125,nation,n_nationkey,JOIN_ON,HIGH,1.0,0,1,2.5,2.0
aggregation,Q126,part,p_partkey,WHERE,HIGH,1.0,0,1,3.0,2.0
aggregation,Q126,part,p_name,SELECT,HIGH,1.0,0,1,1.0,2.0
aggregation,Q126,part,p_partkey,SELECT,HIGH,1.0,0,1,1.0,2.0
aggregation,Q127,customer,c_custkey,WHERE,HIGH,1.0,0,1,3.0,2.0
aggregation,Q127,customer,c_name,SELECT,HIGH,1.0,0,1,1.0,2.0
aggregation,Q127,customer,c_custkey,SELECT,HIGH,1.0,0,1,1.0,2.0
aggregation,Q130,supplier,s_suppkey,JOIN_ON,HIGH,1.0,0,1,2.5,2.0
aggregation,Q130,supplier,s_name,SELECT,HIGH,1.0,0,1,1.0,2.0
aggregation,Q130,supplier,s_nationkey,JOIN_ON,HIGH,1.0,0,1,2.5,2.0
aggregation,Q130,supplier,s_name,GROUP_BY,HIGH,1.0,0,1,1.5,2.0
aggregation,Q132,lineitem,l_extendedprice,ORDER_BY,HIGH,1.0,0,1,1.0,2.0
aggregation,Q132,lineitem,l_discount,ORDER_BY,HIGH,1.0,0,1,1.0,2.0
aggregation,Q132,lineitem,l_partkey,JOIN_ON,HIGH,1.0,0,1,2.5,2.0
aggregation,Q132,lineitem,l_extendedprice,SELECT,HIGH,1.0,0,1,1.0,2.0
aggregation,Q132,lineitem,l_discount,SELECT,HIGH,1.0,0,1,1.0,2.0
aggregation,Q133,orders,o_orderpriority,GROUP_BY,HIGH,1.0,0,1,1.5,2.0
aggregation,Q133,orders,o_orderpriority,SELECT,HIGH,1.0,0,1,1.0,2.0
aggregation,Q133,orders,o_orderpriority,ORDER_BY,HIGH,1.0,0,1,1.0,2.0
aggregation,Q133,orders,o_orderdate,GROUP_BY,HIGH,1.0,0,1,1.5,2.0
aggregation,Q133,orders,o_orderdate,SELECT,HIGH,1.0,0,1,1.0,2.0
aggregation,Q135,nation,n_nationkey,SELECT,HIGH,0.9956,0,1,1.0,2.0
aggregation,Q135,nation,n_name,GROUP_BY,HIGH,0.9956,0,1,1.5,2.0
aggregation,Q135,nation,n_name,SELECT,HIGH,0.9956,0,1,1.0,2.0
aggregation,Q135,nation,n_nationkey,JOIN_ON,HIGH,0.9956,0,1,2.5,2.0
aggregation,Q137,customer,c_name,SELECT,HIGH,1.0,0,1,1.0,2.0
aggregation,Q137,customer,c_acctbal,SELECT,HIGH,1.0,0,1,1.0,2.0
aggregation,Q137,customer,c_custkey,JOIN_ON,HIGH,1.0,0,1,2.5,2.0
aggregation,Q137,customer,c_acctbal,WHERE,HIGH,1.0,0,1,3.0,2.0
aggregation,Q137,customer,c_custkey,SELECT,HIGH,1.0,0,1,1.0,2.0
aggregation,Q138,lineitem,l_shipmode,SELECT,HIGH,1.0,0,1,1.0,2.0
aggregation,Q138,lineitem,l_shipdate,GROUP_BY,HIGH,1.0,0,1,1.5,2.0
aggregation,Q138,lineitem,l_shipdate,SELECT,HIGH,1.0,0,1,1.0,2.0
aggregation,Q138,lineitem,l_shipmode,GROUP_BY,HIGH,1.0,0,1,1.5,2.0
aggregation,Q138,lineitem,l_discount,SELECT,HIGH,1.0,0,1,1.0,2.0
aggregation,Q138,lineitem,l_extendedprice,SELECT,HIGH,1.0,0,1,1.0,2.0
aggregation,Q139,part,p_retailprice,SELECT,HIGH,1.0,0,1,1.0,2.0
aggregation,Q139,part,p_type,GROUP_BY,HIGH,1.0,0,1,1.5,2.0
aggregation,Q139,part,p_type,SELECT,HIGH,1.0,0,1,1.0,2.0
aggregation,Q139,part,p_partkey,SELECT,HIGH,1.0,0,1,1.0,2.0
aggregation,Q141,nation,n_nationkey,JOIN_ON,HIGH,0.9942,0,1,2.5,2.0
aggregation,Q141,nation,n_name,SELECT,HIGH,0.9942,0,1,1.0,2.0
aggregation,Q141,nation,n_name,GROUP_BY,HIGH,0.9942,0,1,1.5,2.0
aggregation,Q143,orders,o_orderpriority,GROUP_BY,HIGH,1.0,0,1,1.5,2.0
aggregation,Q143,orders,o_orderpriority,SELECT,HIGH,1.0,0,1,1.0,2.0
aggregation,Q143,orders,o_orderkey,JOIN_ON,HIGH,1.0,0,1,2.5,2.0
aggregation,Q143,orders,o_orderkey,GROUP_BY,HIGH,1.0,0,1,1.5,2.0
aggregation,Q143,orders,o_orderkey,SELECT,HIGH,1.0,0,1,1.0,2.0
aggregation,Q146,orders,o_custkey,SELECT,HIGH,1.0,0,1,1.0,2.0
aggregation,Q146,orders,o_totalprice,ORDER_BY,HIGH,1.0,0,1,1.0,2.0
aggregation,Q146,orders,o_totalprice,SELECT,HIGH,1.0,0,1,1.0,2.0
aggregation,Q146,orders,o_custkey,GROUP_BY,HIGH,1.0,0,1,1.5,2.0
aggregation,Q152,lineitem,l_orderkey,SELECT,HIGH,1.0,0,1,1.0,2.0
aggregation,Q152,lineitem,l_extendedprice,ORDER_BY,HIGH,1.0,0,1,1.0,2.0
aggregation,Q152,lineitem,l_orderkey,ORDER_BY,HIGH,1.0,0,1,1.0,2.0
aggregation,Q152,lineitem,l_extendedprice,SELECT,HIGH,1.0,0,1,1.0,2.0
aggregation,Q152,lineitem,l_linenumber,SELECT,HIGH,1.0,0,1,1.0,2.0
aggregation,Q153,lineitem,l_quantity,SELECT,HIGH,1.0,0,1,1.0,2.0
aggregation,Q153,lineitem,l_shipmode,SELECT,HIGH,1.0,0,1,1.0,2.0
aggregation,Q153,lineitem,l_shipdate,GROUP_BY,HIGH,1.0,0,1,1.5,2.0
aggregation,Q153,lineitem,l_shipdate,SELECT,HIGH,1.0,0,1,1.0,2.0
aggregation,Q153,lineitem,l_shipmode,GROUP_BY,HIGH,1.0,0,1,1.5,2.0
aggregation,Q153,lineitem,l_shipmode,ORDER_BY,HIGH,1.0,0,1,1.0,2.0
aggregation,Q155,nation,n_name,ORDER_BY,HIGH,1.0,0,1,1.0,2.0
aggregation,Q155,nation,n_name,GROUP_BY,HIGH,1.0,0,1,1.5,2.0
aggregation,Q155,nation,n_name,SELECT,HIGH,1.0,0,1,1.0,2.0
aggregation,Q155,nation,n_nationkey,JOIN_ON,HIGH,1.0,0,1,2.5,2.0
aggregation,Q156,lineitem,l_shipmode,SELECT,HIGH,1.0,0,1,1.0,2.0
aggregation,Q156,lineitem,l_shipdate,GROUP_BY,HIGH,1.0,0,1,1.5,2.0
aggregation,Q156,lineitem,l_shipdate,SELECT,HIGH,1.0,0,1,1.0,2.0
aggregation,Q156,lineitem,l_shipmode,GROUP_BY,HIGH,1.0,0,1,1.5,2.0
aggregation,Q156,lineitem,l_discount,SELECT,HIGH,1.0,0,1,1.0,2.0
aggregation,Q156,lineitem,l_extendedprice,SELECT,HIGH,1.0,0,1,1.0,2.0
aggregation,Q158,partsupp,ps_availqty,SELECT,HIGH,1.0,0,1,1.0,2.0
aggregation,Q158,partsupp,ps_partkey,SELECT,HIGH,1.0,0,1,1.0,2.0
aggregation,Q158,partsupp,ps_availqty,ORDER_BY,HIGH,1.0,0,1,1.0,2.0
aggregation,Q158,partsupp,ps_partkey,ORDER_BY,HIGH,1.0,0,1,1.0,2.0
aggregation,Q158,partsupp,ps_suppkey,SELECT,HIGH,1.0,0,1,1.0,2.0
aggregation,Q160,region,r_regionkey,JOIN_ON,HIGH,1.0,0,1,2.5,2.0
aggregation,Q160,region,r_name,SELECT,HIGH,1.0,0,1,1.0,2.0
aggregation,Q160,region,r_name,GROUP_BY,HIGH,1.0,0,1,1.5,2.0
aggregation,Q160,nation,n_regionkey,JOIN_ON,HIGH,1.0,0,1,2.5,2.0
aggregation,Q160,region,r_name,ORDER_BY,HIGH,1.0,0,1,1.0,2.0
aggregation,Q160,nation,n_nationkey,JOIN_ON,HIGH,1.0,0,1,2.5,2.0
aggregation,Q161,orders,o_orderkey,SELECT,HIGH,1.0,0,1,1.0,2.0
aggregation,Q161,orders,o_custkey,SELECT,HIGH,1.0,0,1,1.0,2.0
aggregation,Q161,orders,o_custkey,ORDER_BY,HIGH,1.0,0,1,1.0,2.0
aggregation,Q161,orders,o_totalprice,ORDER_BY,HIGH,1.0,0,1,1.0,2.0
aggregation,Q162,supplier,s_suppkey,JOIN_ON,HIGH,1.0,0,1,2.5,2.0
aggregation,Q162,supplier,s_name,SELECT,HIGH,1.0,0,1,1.0,2.0
aggregation,Q162,supplier,s_nationkey,JOIN_ON,HIGH,1.0,0,1,2.5,2.0
aggregation,Q162,supplier,s_name,GROUP_BY,HIGH,1.0,0,1,1.5,2.0
aggregation,Q163,orders,o_orderdate,ORDER_BY,HIGH,1.0,0,1,1.0,2.0
aggregation,Q163,orders,o_totalprice,ORDER_BY,HIGH,1.0,0,1,1.0,2.0
aggregation,Q163,orders,o_custkey,SELECT,HIGH,1.0,0,1,1.0,2.0
aggregation,Q163,orders,o_orderdate,SELECT,HIGH,1.0,0,1,1.0,2.0
aggregation,Q163,orders,o_custkey,ORDER_BY,HIGH,1.0,0,1,1.0,2.0
aggregation,Q163,orders,o_totalprice,SELECT,HIGH,1.0,0,1,1.0,2.0
aggregation,Q165,nation,n_name,ORDER_BY,HIGH,1.0,0,1,1.0,2.0
aggregation,Q165,nation,n_name,GROUP_BY,HIGH,1.0,0,1,1.5,2.0
aggregation,Q165,nation,n_name,SELECT,HIGH,1.0,0,1,1.0,2.0
aggregation,Q165,nation,n_nationkey,JOIN_ON,HIGH,1.0,0,1,2.5,2.0
aggregation,Q166,lineitem,l_shipmode,SELECT,HIGH,1.0,0,1,1.0,2.0
aggregation,Q166,lineitem,l_returnflag,SELECT,HIGH,1.0,0,1,1.0,2.0
aggregation,Q166,lineitem,l_shipmode,GROUP_BY,HIGH,1.0,0,1,1.5,2.0
aggregation,Q166,lineitem,l_shipmode,ORDER_BY,HIGH,1.0,0,1,1.0,2.0
aggregation,Q166,lineitem,l_discount,SELECT,HIGH,1.0,0,1,1.0,2.0
aggregation,Q166,lineitem,l_extendedprice,SELECT,HIGH,1.0,0,1,1.0,2.0
aggregation,Q168,orders,o_orderpriority,SELECT,HIGH,1.0,0,1,1.0,2.0
aggregation,Q168,orders,o_totalprice,SELECT,HIGH,1.0,0,1,1.0,2.0
aggregation,Q169,lineitem,l_extendedprice,SELECT,HIGH,1.0,0,1,1.0,2.0
aggregation,Q169,lineitem,l_discount,SELECT,HIGH,1.0,0,1,1.0,2.0
aggregation,Q176,lineitem,l_shipdate,SELECT,HIGH,1.0,0,1,1.0,2.0
aggregation,Q176,lineitem,l_extendedprice,SELECT,HIGH,1.0,0,1,1.0,2.0
aggregation,Q176,lineitem,l_receiptdate,SELECT,HIGH,1.0,0,1,1.0,2.0
aggregation,Q181,lineitem,l_quantity,SELECT,HIGH,1.0,0,1,1.0,2.0
aggregation,Q181,lineitem,l_tax,SELECT,HIGH,1.0,0,1,1.0,2.0
aggregation,Q181,lineitem,l_returnflag,SELECT,HIGH,1.0,0,1,1.0,2.0
aggregation,Q181,lineitem,l_returnflag,GROUP_BY,HIGH,1.0,0,1,1.5,2.0
aggregation,Q181,lineitem,l_linestatus,GROUP_BY,HIGH,1.0,0,1,1.5,2.0
aggregation,Q181,lineitem,l_discount,SELECT,HIGH,1.0,0,1,1.0,2.0
aggregation,Q181,lineitem,l_returnflag,ORDER_BY,HIGH,1.0,0,1,1.0,2.0
aggregation,Q181,lineitem,l_linestatus,SELECT,HIGH,1.0,0,1,1.0,2.0
aggregation,Q181,lineitem,l_shipdate,WHERE,HIGH,1.0,0,1,3.0,2.0
aggregation,Q181,lineitem,l_extendedprice,SELECT,HIGH,1.0,0,1,1.0,2.0
aggregation,Q181,lineitem,l_linestatus,ORDER_BY,HIGH,1.0,0,1,1.0,2.0
aggregation,Q183,region,r_regionkey,JOIN_ON,HIGH,1.0,0,1,2.5,2.0
aggregation,Q183,nation,n_name,GROUP_BY,HIGH,1.0,0,1,1.5,2.0
aggregation,Q183,nation,n_regionkey,JOIN_ON,HIGH,1.0,0,1,2.5,2.0
aggregation,Q183,nation,n_name,SELECT,HIGH,1.0,0,1,1.0,2.0
aggregation,Q183,region,r_name,WHERE,HIGH,1.0,0,1,3.0,2.0
aggregation,Q183,nation,n_nationkey,JOIN_ON,HIGH,1.0,0,1,2.5,2.0
aggregation,Q184,lineitem,l_discount,WHERE,HIGH,1.0,0,1,3.0,2.0
aggregation,Q184,lineitem,l_quantity,WHERE,HIGH,1.0,0,1,3.0,2.0
aggregation,Q184,lineitem,l_discount,SELECT,HIGH,1.0,0,1,1.0,2.0
aggregation,Q184,lineitem,l_shipdate,WHERE,HIGH,1.0,0,1,3.0,2.0
aggregation,Q184,lineitem,l_extendedprice,SELECT,HIGH,1.0,0,1,1.0,2.0
aggregation,Q186,supplier,s_suppkey,JOIN_ON,HIGH,1.0,0,1,2.5,2.0
aggregation,Q186,supplier,s_name,SELECT,HIGH,1.0,0,1,1.0,2.0
aggregation,Q186,supplier,s_nationkey,JOIN_ON,HIGH,1.0,0,1,2.5,2.0
aggregation,Q186,supplier,s_name,GROUP_BY,HIGH,1.0,0,1,1.5,2.0
aggregation,Q188,supplier,s_suppkey,JOIN_ON,HIGH,1.0,0,1,2.5,2.0
aggregation,Q188,supplier,s_name,SELECT,HIGH,1.0,0,1,1.0,2.0
aggregation,Q188,supplier,s_nationkey,JOIN_ON,HIGH,1.0,0,1,2.5,2.0
aggregation,Q188,supplier,s_name,GROUP_BY,HIGH,1.0,0,1,1.5,2.0
aggregation,Q189,customer,c_name,SELECT,HIGH,0.9983,0,1,1.0,2.0
aggregation,Q189,customer,c_name,GROUP_BY,HIGH,0.9983,0,1,1.5,2.0
aggregation,Q189,customer,c_mktsegment,SELECT,HIGH,0.9983,0,1,1.0,2.0
aggregation,Q189,customer,c_nationkey,JOIN_ON,HIGH,0.9983,0,1,2.5,2.0
aggregation,Q189,customer,c_mktsegment,GROUP_BY,HIGH,0.9983,0,1,1.5,2.0
aggregation,Q189,customer,c_custkey,JOIN_ON,HIGH,0.9983,0,1,2.5,2.0
aggregation,Q189,customer,c_custkey,GROUP_BY,HIGH,0.9983,0,1,1.5,2.0
aggregation,Q189,customer,c_custkey,SELECT,HIGH,0.9983,0,1,1.0,2.0
aggregation,Q190,part,p_type,GROUP_BY,HIGH,1.0,0,1,1.5,2.0
aggregation,Q190,part,p_type,SELECT,HIGH,1.0,0,1,1.0,2.0
aggregation,Q190,part,p_partkey,JOIN_ON,HIGH,1.0,0,1,2.5,2.0
aggregation,Q190,part,p_brand,SELECT,HIGH,1.0,0,1,1.0,2.0
aggregation,Q190,part,p_brand,GROUP_BY,HIGH,1.0,0,1,1.5,2.0
aggregation,Q190,part,p_size,GROUP_BY,HIGH,1.0,0,1,1.5,2.0
aggregation,Q190,part,p_size,SELECT,HIGH,1.0,0,1,1.0,2.0
aggregation,Q191,region,r_regionkey,JOIN_ON,HIGH,1.0,0,1,2.5,2.0
aggregation,Q191,region,r_name,SELECT,HIGH,1.0,0,1,1.0,2.0
aggregation,Q191,region,r_name,GROUP_BY,HIGH,1.0,0,1,1.5,2.0
aggregation,Q191,nation,n_regionkey,JOIN_ON,HIGH,1.0,0,1,2.5,2.0
aggregation,Q191,region,r_name,ORDER_BY,HIGH,1.0,0,1,1.0,2.0
aggregation,Q191,nation,n_nationkey,JOIN_ON,HIGH,1.0,0,1,2.5,2.0
aggregation,Q192,nation,n_name,GROUP_BY,HIGH,1.0,0,1,1.5,2.0
aggregation,Q192,region,r_name,SELECT,HIGH,1.0,0,1,1.0,2.0
aggregation,Q192,region,r_name,GROUP_BY,HIGH,1.0,0,1,1.5,2.0
aggregation,Q192,nation,n_name,SELECT,HIGH,1.0,0,1,1.0,2.0
aggregation,Q192,nation,n_regionkey,JOIN_ON,HIGH,1.0,0,1,2.5,2.0
aggregation,Q192,region,r_regionkey,JOIN_ON,HIGH,1.0,0,1,2.5,2.0
aggregation,Q192,nation,n_nationkey,JOIN_ON,HIGH,1.0,0,1,2.5,2.0
aggregation,Q193,orders,o_custkey,JOIN_ON,HIGH,0.9983,0,1,2.5,2.0
aggregation,Q193,orders,o_orderkey,JOIN_ON,HIGH,0.9983,0,1,2.5,2.0
aggregation,Q193,orders,o_orderdate,SELECT,HIGH,0.9983,0,1,1.0,2.0
aggregation,Q194,lineitem,l_shipmode,SELECT,HIGH,1.0,0,1,1.0,2.0
aggregation,Q194,lineitem,l_shipdate,GROUP_BY,HIGH,1.0,0,1,1.5,2.0
aggregation,Q194,lineitem,l_shipdate,SELECT,HIGH,1.0,0,1,1.0,2.0
aggregation,Q194,lineitem,l_shipmode,GROUP_BY,HIGH,1.0,0,1,1.5,2.0
aggregation,Q194,lineitem,l_shipmode,ORDER_BY,HIGH,1.0,0,1,1.0,2.0
aggregation,Q194,lineitem,l_discount,SELECT,HIGH,1.0,0,1,1.0,2.0
aggregation,Q194,lineitem,l_extendedprice,SELECT,HIGH,1.0,0,1,1.0,2.0
aggregation,Q195,lineitem,l_quantity,SELECT,HIGH,1.0,0,1,1.0,2.0
aggregation,Q195,lineitem,l_extendedprice,ORDER_BY,HIGH,1.0,0,1,1.0,2.0
aggregation,Q195,lineitem,l_discount,ORDER_BY,HIGH,1.0,0,1,1.0,2.0
aggregation,Q195,lineitem,l_discount,SELECT,HIGH,1.0,0,1,1.0,2.0
aggregation,Q195,lineitem,l_partkey,JOIN_ON,HIGH,1.0,0,1,2.5,2.0
aggregation,Q195,lineitem,l_extendedprice,SELECT,HIGH,1.0,0,1,1.0,2.0
aggregation,Q195,lineitem,l_partkey,SELECT,HIGH,1.0,0,1,1.0,2.0
aggregation,Q196,orders,o_custkey,JOIN_ON,HIGH,0.9983,0,1,2.5,2.0
aggregation,Q196,orders,o_orderkey,JOIN_ON,HIGH,0.9983,0,1,2.5,2.0
aggregation,Q196,orders,o_orderdate,GROUP_BY,HIGH,0.9983,0,1,1.5,2.0
aggregation,Q196,orders,o_orderdate,SELECT,HIGH,0.9983,0,1,1.0,2.0
aggregation,Q198,partsupp,ps_partkey,JOIN_ON,HIGH,1.0,0,1,2.5,2.0
aggregation,Q198,partsupp,ps_availqty,SELECT,HIGH,1.0,0,1,1.0,2.0
aggregation,Q198,partsupp,ps_supplycost,SELECT,HIGH,1.0,0,1,1.0,2.0
aggregation,Q198,partsupp,ps_suppkey,JOIN_ON,HIGH,1.0,0,1,2.5,2.0
aggregation,Q199,orders,o_orderpriority,GROUP_BY,HIGH,1.0,0,1,1.5,2.0
aggregation,Q199,orders,o_orderstatus,SELECT,HIGH,1.0,0,1,1.0,2.0
aggregation,Q199,orders,o_orderpriority,SELECT,HIGH,1.0,0,1,1.0,2.0
aggregation,Q199,orders,o_orderstatus,ORDER_BY,HIGH,1.0,0,1,1.0,2.0
aggregation,Q199,orders,o_orderpriority,ORDER_BY,HIGH,1.0,0,1,1.0,2.0
aggregation,Q199,orders,o_orderdate,GROUP_BY,HIGH,1.0,0,1,1.5,2.0
aggregation,Q199,orders,o_orderdate,SELECT,HIGH,1.0,0,1,1.0,2.0
aggregation,Q199,orders,o_totalprice,SELECT,HIGH,1.0,0,1,1.0,2.0
aggregation,Q199,orders,o_orderstatus,GROUP_BY,HIGH,1.0,0,1,1.5,2.0
aggregation,Q200,region,r_name,SELECT,HIGH,1.0,0,1,1.0,2.0
aggregation,Q200,region,r_regionkey,JOIN_ON,HIGH,1.0,0,1,2.5,2.0
aggregation,Q200,nation,n_name,GROUP_BY,HIGH,1.0,0,1,1.5,2.0
aggregation,Q200,region,r_name,GROUP_BY,HIGH,1.0,0,1,1.5,2.0
aggregation,Q200,nation,n_regionkey,JOIN_ON,HIGH,1.0,0,1,2.5,2.0
aggregation,Q200,nation,n_name,SELECT,HIGH,1.0,0,1,1.0,2.0
aggregation,Q200,nation,n_nationkey,JOIN_ON,HIGH,1.0,0,1,2.5,2.0
complex_queries,Q002,supplier,s_suppkey,JOIN_ON,HIGH,1.0,0,1,2.5,2.0
complex_queries,Q002,supplier,s_name,SELECT,HIGH,1.0,0,1,1.0,2.0
complex_queries,Q002,supplier,s_suppkey,SELECT,HIGH,1.0,0,1,1.0,2.0
complex_queries,Q003,orders,o_custkey,JOIN_ON,HIGH,1.0,0,1,2.5,2.0
complex_queries,Q003,orders,o_orderkey,SELECT,HIGH,1.0,0,1,1.0,2.0
complex_queries,Q003,orders,o_totalprice,SELECT,HIGH,1.0,0,1,1.0,2.0
complex_queries,Q005,customer,c_mktsegment,SELECT,HIGH,1.0,0,1,1.0,2.0
complex_queries,Q005,customer,c_custkey,JOIN_ON,HIGH,1.0,0,1,2.5,2.0
complex_queries,Q005,customer,c_custkey,SELECT,HIGH,1.0,0,1,1.0,2.0
complex_queries,Q005,customer,c_name,SELECT,HIGH,1.0,0,1,1.0,2.0
complex_queries,Q006,region,r_regionkey,JOIN_ON,HIGH,1.0,0,1,2.5,2.0
complex_queries,Q006,region,r_name,SELECT,HIGH,1.0,0,1,1.0,2.0
complex_queries,Q006,region,r_name,GROUP_BY,HIGH,1.0,0,1,1.5,2.0
complex_queries,Q006,nation,n_regionkey,JOIN_ON,HIGH,1.0,0,1,2.5,2.0
complex_queries,Q006,nation,n_nationkey,JOIN_ON,HIGH,1.0,0,1,2.5,2.0
complex_queries,Q008,nation,n_name,GROUP_BY,HIGH,1.0,0,1,1.5,2.0
complex_queries,Q008,nation,n_name,SELECT,HIGH,1.0,0,1,1.0,2.0
complex_queries,Q008,nation,n_nationkey,JOIN_ON,HIGH,1.0,0,1,2.5,2.0
complex_queries,Q010,part,p_type,GROUP_BY,HIGH,1.0,0,1,1.5,2.0
complex_queries,Q010,part,p_type,SELECT,HIGH,1.0,0,1,1.0,2.0
complex_queries,Q010,part,p_partkey,JOIN_ON,HIGH,1.0,0,1,2.5,2.0
complex_queries,Q010,part,p_partkey,SELECT,HIGH,1.0,0,1,1.0,2.0
complex_queries,Q010,part,p_type,ORDER_BY,HIGH,1.0,0,1,1.0,2.0
complex_queries,Q010,part,p_partkey,GROUP_BY,HIGH,1.0,0,1,1.5,2.0
complex_queries,Q010,part,p_name,SELECT,HIGH,1.0,0,1,1.0,2.0
complex_queries,Q010,part,p_name,GROUP_BY,HIGH,1.0,0,1,1.5,2.0
complex_queries,Q013,region,r_regionkey,JOIN_ON,HIGH,1.0,0,1,2.5,2.0
complex_queries,Q013,region,r_name,SELECT,HIGH,1.0,0,1,1.0,2.0
complex_queries,Q013,region,r_name,GROUP_BY,HIGH,1.0,0,1,1.5,2.0
complex_queries,Q013,nation,n_regionkey,JOIN_ON,HIGH,1.0,0,1,2.5,2.0
complex_queries,Q013,region,r_name,ORDER_BY,HIGH,1.0,0,1,1.0,2.0
complex_queries,Q013,nation,n_nationkey,JOIN_ON,HIGH,1.0,0,1,2.5,2.0
complex_queries,Q014,orders,o_orderdate,SELECT,HIGH,1.0,0,1,1.0,2.0
complex_queries,Q014,orders,o_clerk,SELECT,HIGH,1.0,0,1,1.0,2.0
complex_queries,Q014,orders,o_totalprice,SELECT,HIGH,1.0,0,1,1.0,2.0
complex_queries,Q014,orders,o_clerk,GROUP_BY,HIGH,1.0,0,1,1.5,2.0
complex_queries,Q015,orders,o_custkey,SELECT,HIGH,1.0,0,1,1.0,2.0
complex_queries,Q015,orders,o_orderdate,SELECT,HIGH,1.0,0,1,1.0,2.0
complex_queries,Q015,orders,o_orderdate,ORDER_BY,HIGH,1.0,0,1,1.0,2.0
complex_queries,Q015,orders,o_custkey,GROUP_BY,HIGH,1.0,0,1,1.5,2.0
complex_queries,Q017,customer,c_acctbal,SELECT,HIGH,1.0,0,1,1.0,2.0
complex_queries,Q017,customer,c_mktsegment,SELECT,HIGH,1.0,0,1,1.0,2.0
complex_queries,Q017,customer,c_mktsegment,GROUP_BY,HIGH,1.0,0,1,1.5,2.0
complex_queries,Q017,customer,c_acctbal,WHERE,HIGH,1.0,0,1,3.0,2.0
complex_queries,Q017,customer,c_custkey,SELECT,HIGH,1.0,0,1,1.0,2.0
complex_queries,Q017,customer,c_name,SELECT,HIGH,1.0,0,1,1.0,2.0
complex_queries,Q018,region,r_regionkey,JOIN_ON,HIGH,1.0,0,1,2.5,2.0
complex_queries,Q018,region,r_name,SELECT,HIGH,1.0,0,1,1.0,2.0
complex_queries,Q018,region,r_name,GROUP_BY,HIGH,1.0,0,1,1.5,2.0
complex_queries,Q018,nation,n_regionkey,JOIN_ON,HIGH,1.0,0,1,2.5,2.0
complex_queries,Q018,region,r_name,ORDER_BY,HIGH,1.0,0,1,1.0,2.0
complex_queries,Q018,nation,n_nationkey,JOIN_ON,HIGH,1.0,0,1,2.5,2.0
complex_queries,Q019,lineitem,l_suppkey,GROUP_BY,HIGH,1.0,0,1,1.5,2.0
complex_queries,Q019,lineitem,l_shipdate,GROUP_BY,HIGH,1.0,0,1,1.5,2.0
complex_queries,Q019,lineitem,l_shipdate,SELECT,HIGH,1.0,0,1,1.0,2.0
complex_queries,Q019,lineitem,l_discount,SELECT,HIGH,1.0,0,1,1.0,2.0
complex_queries,Q019,lineitem,l_extendedprice,SELECT,HIGH,1.0,0,1,1.0,2.0
complex_queries,Q019,lineitem,l_suppkey,SELECT,HIGH,1.0,0,1,1.0,2.0
complex_queries,Q023,part,p_partkey,WHERE,HIGH,1.0,0,1,3.0,2.0
complex_queries,Q023,part,p_type,SELECT,HIGH,1.0,0,1,1.0,2.0
complex_queries,Q023,part,p_name,ORDER_BY,HIGH,1.0,0,1,1.0,2.0
complex_queries,Q023,part,p_brand,ORDER_BY,HIGH,1.0,0,1,1.0,2.0
complex_queries,Q023,part,p_partkey,SELECT,HIGH,1.0,0,1,1.0,2.0
complex_queries,Q023,part,p_brand,SELECT,HIGH,1.0,0,1,1.0,2.0
complex_queries,Q023,part,p_name,SELECT,HIGH,1.0,0,1,1.0,2.0
complex_queries,Q024,orders,o_custkey,JOIN_ON,HIGH,1.0,0,1,2.5,2.0
complex_queries,Q024,orders,o_orderkey,JOIN_ON,HIGH,1.0,0,1,2.5,2.0
complex_queries,Q024,orders,o_orderdate,SELECT,HIGH,1.0,0,1,1.0,2.0
complex_queries,Q030,customer,c_acctbal,HAVING,HIGH,1.0,0,1,1.0,2.0
complex_queries,Q030,customer,c_acctbal,SELECT,HIGH,1.0,0,1,1.0,2.0
complex_queries,Q030,customer,c_nationkey,JOIN_ON,HIGH,1.0,0,1,2.5,2.0
complex_queries,Q033,supplier,s_suppkey,JOIN_ON,HIGH,1.0,0,1,2.5,2.0
complex_queries,Q033,supplier,s_name,SELECT,HIGH,1.0,0,1,1.0,2.0
complex_queries,Q033,supplier,s_suppkey,SELECT,HIGH,1.0,0,1,1.0,2.0
complex_queries,Q033,supplier,s_name,GROUP_BY,HIGH,1.0,0,1,1.5,2.0
complex_queries,Q033,supplier,s_suppkey,GROUP_BY,HIGH,1.0,0,1,1.5,2.0
complex_queries,Q038,supplier,s_name,SELECT,HIGH,1.0,0,1,1.0,2.0
complex_queries,Q038,supplier,s_suppkey,SELECT,HIGH,1.0,0,1,1.0,2.0
complex_queries,Q038,supplier,s_suppkey,WHERE,HIGH,1.0,0,1,3.0,2.0
complex_queries,Q042,nation,n_name,ORDER_BY,HIGH,1.0,0,1,1.0,2.0
complex_queries,Q042,nation,n_name,SELECT,HIGH,1.0,0,1,1.0,2.0
complex_queries,Q042,nation,n_nationkey,WHERE,HIGH,1.0,0,1,3.0,2.0
complex_queries,Q046,orders,o_orderpriority,GROUP_BY,HIGH,1.0,0,1,1.5,2.0
complex_queries,Q046,orders,o_orderpriority,SELECT,HIGH,1.0,0,1,1.0,2.0
complex_queries,Q046,orders,o_orderpriority,ORDER_BY,HIGH,1.0,0,1,1.0,2.0
complex_queries,Q046,orders,o_totalprice,ORDER_BY,HIGH,1.0,0,1,1.0,2.0
complex_queries,Q046,orders,o_totalprice,WHERE,HIGH,1.0,0,1,3.0,2.0
complex_queries,Q046,orders,o_orderkey,SELECT,HIGH,1.0,0,1,1.0,2.0
complex_queries,Q046,orders,o_orderpriority,WHERE,HIGH,1.0,0,1,3.0,2.0
complex_queries,Q046,orders,o_totalprice,SELECT,HIGH,1.0,0,1,1.0,2.0
complex_queries,Q051,supplier,s_name,SELECT,HIGH,1.0,0,1,1.0,2.0
complex_queries,Q051,supplier,s_nationkey,JOIN_ON,HIGH,1.0,0,1,2.5,2.0
complex_queries,Q051,customer,c_nationkey,JOIN_ON,HIGH,1.0,0,1,2.5,2.0
complex_queries,Q051,customer,c_name,SELECT,HIGH,1.0,0,1,1.0,2.0
complex_queries,Q052,customer,c_name,SELECT,HIGH,1.0,0,1,1.0,2.0
complex_queries,Q052,customer,c_custkey,ORDER_BY,HIGH,1.0,0,1,1.0,2.0
complex_queries,Q052,customer,c_custkey,JOIN_ON,HIGH,1.0,0,1,2.5,2.0
complex_queries,Q052,customer,c_acctbal,WHERE,HIGH,1.0,0,1,3.0,2.0
complex_queries,Q052,customer,c_custkey,SELECT,HIGH,1.0,0,1,1.0,2.0
complex_queries,Q054,customer,c_name,GROUP_BY,HIGH,1.0,0,1,1.5,2.0
complex_queries,Q054,customer,c_custkey,ORDER_BY,HIGH,1.0,0,1,1.0,2.0
complex_queries,Q054,customer,c_custkey,WHERE,HIGH,1.0,0,1,3.0,2.0
complex_queries,Q054,customer,c_custkey,JOIN_ON,HIGH,1.0,0,1,2.5,2.0
complex_queries,Q054,customer,c_custkey,GROUP_BY,HIGH,1.0,0,1,1.5,2.0
complex_queries,Q054,customer,c_custkey,SELECT,HIGH,1.0,0,1,1.0,2.0
complex_queries,Q054,customer,c_name,SELECT,HIGH,1.0,0,1,1.0,2.0
complex_queries,Q055,orders,o_totalprice,ORDER_BY,HIGH,1.0,0,1,1.0,2.0
complex_queries,Q055,orders,o_orderkey,SELECT,HIGH,1.0,0,1,1.0,2.0
complex_queries,Q055,orders,o_custkey,SELECT,HIGH,1.0,0,1,1.0,2.0
complex_queries,Q055,orders,o_orderpriority,WHERE,HIGH,1.0,0,1,3.0,2.0
complex_queries,Q055,orders,o_totalprice,SELECT,HIGH,1.0,0,1,1.0,2.0
complex_queries,Q056,nation,n_name,WHERE,HIGH,1.0,0,1,3.0,2.0
complex_queries,Q056,nation,n_name,GROUP_BY,HIGH,1.0,0,1,1.5,2.0
complex_queries,Q056,nation,n_name,SELECT,HIGH,1.0,0,1,1.0,2.0
complex_queries,Q056,nation,n_nationkey,JOIN_ON,HIGH,1.0,0,1,2.5,2.0
complex_queries,Q057,lineitem,l_orderkey,SELECT,HIGH,1.0,0,1,1.0,2.0
complex_queries,Q057,lineitem,l_linenumber,ORDER_BY,HIGH,1.0,0,1,1.0,2.0
complex_queries,Q057,lineitem,l_commitdate,WHERE,HIGH,1.0,0,1,3.0,2.0
complex_queries,Q057,lineitem,l_shipdate,WHERE,HIGH,1.0,0,1,3.0,2.0
complex_queries,Q057,lineitem,l_orderkey,ORDER_BY,HIGH,1.0,0,1,1.0,2.0
complex_queries,Q057,lineitem,l_returnflag,WHERE,HIGH,1.0,0,1,3.0,2.0
complex_queries,Q057,lineitem,l_linenumber,SELECT,HIGH,1.0,0,1,1.0,2.0
complex_queries,Q058,lineitem,l_shipmode,SELECT,HIGH,0.9912,0,1,1.0,2.0
complex_queries,Q058,lineitem,l_orderkey,SELECT,HIGH,0.9912,0,1,1.0,2.0
complex_queries,Q058,lineitem,l_extendedprice,WHERE,HIGH,0.9912,0,1,3.0,2.0
complex_queries,Q058,lineitem,l_extendedprice,SELECT,HIGH,0.9912,0,1,1.0,2.0
complex_queries,Q059,region,r_regionkey,JOIN_ON,HIGH,1.0,0,1,2.5,2.0
complex_queries,Q059,nation,n_regionkey,JOIN_ON,HIGH,1.0,0,1,2.5,2.0
complex_queries,Q059,region,r_name,WHERE,HIGH,1.0,0,1,3.0,2.0
complex_queries,Q059,nation,n_nationkey,JOIN_ON,HIGH,1.0,0,1,2.5,2.0
complex_queries,Q060,region,r_name,SELECT,HIGH,1.0,0,1,1.0,2.0
complex_queries,Q060,region,r_name,WHERE,HIGH,1.0,0,1,3.0,2.0
complex_queries,Q060,nation,n_regionkey,JOIN_ON,HIGH,1.0,0,1,2.5,2.0
complex_queries,Q060,region,r_regionkey,JOIN_ON,HIGH,1.0,0,1,2.5,2.0
complex_queries,Q060,nation,n_nationkey,JOIN_ON,HIGH,1.0,0,1,2.5,2.0
complex_queries,Q061,nation,n_name,ORDER_BY,HIGH,0.9983,0,1,1.0,2.0
complex_queries,Q061,nation,n_name,GROUP_BY,HIGH,0.9983,0,1,1.5,2.0
complex_queries,Q061,nation,n_name,SELECT,HIGH,0.9983,0,1,1.0,2.0
complex_queries,Q061,nation,n_nationkey,JOIN_ON,HIGH,0.9983,0,1,2.5,2.0
complex_queries,Q064,nation,n_name,GROUP_BY,HIGH,1.0,0,1,1.5,2.0
complex_queries,Q064,nation,n_name,SELECT,HIGH,1.0,0,1,1.0,2.0
complex_queries,Q064,nation,n_nationkey,JOIN_ON,HIGH,1.0,0,1,2.5,2.0
complex_queries,Q065,lineitem,l_tax,SELECT,HIGH,0.995,0,1,1.0,2.0
complex_queries,Q065,lineitem,l_orderkey,SELECT,HIGH,0.995,0,1,1.0,2.0
complex_queries,Q065,lineitem,l_discount,ORDER_BY,HIGH,0.995,0,1,1.0,2.0
complex_queries,Q065,lineitem,l_discount,WHERE,HIGH,0.995,0,1,3.0,2.0
complex_queries,Q065,lineitem,l_tax,ORDER_BY,HIGH,0.995,0,1,1.0,2.0
complex_queries,Q065,lineitem,l_discount,SELECT,HIGH,0.995,0,1,1.0,2.0
complex_queries,Q065,lineitem,l_linenumber,SELECT,HIGH,0.995,0,1,1.0,2.0
complex_queries,Q068,region,r_name,WHERE,HIGH,1.0,0,1,3.0,2.0
complex_queries,Q068,nation,n_regionkey,JOIN_ON,HIGH,1.0,0,1,2.5,2.0
complex_queries,Q068,region,r_regionkey,JOIN_ON,HIGH,1.0,0,1,2.5,2.0
complex_queries,Q068,nation,n_nationkey,JOIN_ON,HIGH,1.0,0,1,2.5,2.0
complex_queries,Q069,lineitem,l_tax,SELECT,HIGH,1.0,0,1,1.0,2.0
complex_queries,Q069,lineitem,l_orderkey,SELECT,HIGH,1.0,0,1,1.0,2.0
complex_queries,Q069,lineitem,l_discount,WHERE,HIGH,1.0,0,1,3.0,2.0
complex_queries,Q069,lineitem,l_tax,WHERE,HIGH,1.0,0,1,3.0,2.0
complex_queries,Q069,lineitem,l_discount,SELECT,HIGH,1.0,0,1,1.0,2.0
complex_queries,Q069,lineitem,l_linenumber,SELECT,HIGH,1.0,0,1,1.0,2.0
complex_queries,Q071,customer,c_acctbal,HAVING,HIGH,1.0,0,1,1.0,2.0
complex_queries,Q071,nation,n_name,WHERE,HIGH,1.0,0,1,3.0,2.0
complex_queries,Q071,customer,c_nationkey,JOIN_ON,HIGH,1.0,0,1,2.5,2.0
complex_queries,Q071,nation,n_name,GROUP_BY,HIGH,1.0,0,1,1.5,2.0
complex_queries,Q071,customer,c_custkey,JOIN_ON,HIGH,1.0,0,1,2.5,2.0
complex_queries,Q071,nation,n_name,SELECT,HIGH,1.0,0,1,1.0,2.0
complex_queries,Q071,nation,n_nationkey,JOIN_ON,HIGH,1.0,0,1,2.5,2.0
complex_queries,Q072,nation,n_name,ORDER_BY,HIGH,1.0,0,1,1.0,2.0
complex_queries,Q072,nation,n_name,GROUP_BY,HIGH,1.0,0,1,1.5,2.0
complex_queries,Q072,nation,n_name,SELECT,HIGH,1.0,0,1,1.0,2.0
complex_queries,Q072,nation,n_nationkey,JOIN_ON,HIGH,1.0,0,1,2.5,2.0
complex_queries,Q074,lineitem,l_shipmode,ORDER_BY,HIGH,1.0,0,1,1.0,2.0
complex_queries,Q074,lineitem,l_shipdate,WHERE,HIGH,1.0,0,1,3.0,2.0
complex_queries,Q074,lineitem,l_shipmode,SELECT,HIGH,1.0,0,1,1.0,2.0
complex_queries,Q074,lineitem,l_shipmode,WHERE,HIGH,1.0,0,1,3.0,2.0
complex_queries,Q076,orders,o_orderpriority,WHERE,HIGH,1.0,0,1,3.0,2.0
complex_queries,Q076,orders,o_custkey,WHERE,HIGH,1.0,0,1,3.0,2.0
complex_queries,Q078,region,r_regionkey,JOIN_ON,HIGH,1.0,0,1,2.5,2.0
complex_queries,Q078,nation,n_regionkey,JOIN_ON,HIGH,1.0,0,1,2.5,2.0
complex_queries,Q078,region,r_name,WHERE,HIGH,1.0,0,1,3.0,2.0
complex_queries,Q078,nation,n_nationkey,JOIN_ON,HIGH,1.0,0,1,2.5,2.0
complex_queries,Q079,nation,n_name,ORDER_BY,HIGH,1.0,0,1,1.0,2.0
complex_queries,Q079,nation,n_nationkey,WHERE,HIGH,1.0,0,1,3.0,2.0
complex_queries,Q079,nation,n_name,SELECT,HIGH,1.0,0,1,1.0,2.0
complex_queries,Q086,lineitem,l_partkey,WHERE,HIGH,1.0,0,1,3.0,2.0
complex_queries,Q086,lineitem,l_quantity,WHERE,HIGH,1.0,0,1,3.0,2.0
complex_queries,Q088,region,r_name,SELECT,HIGH,1.0,0,1,1.0,2.0
complex_queries,Q088,nation,n_regionkey,WHERE,HIGH,1.0,0,1,3.0,2.0
complex_queries,Q088,region,r_regionkey,WHERE,HIGH,1.0,0,1,3.0,2.0
complex_queries,Q088,region,r_name,ORDER_BY,HIGH,1.0,0,1,1.0,2.0
complex_queries,Q088,nation,n_nationkey,JOIN_ON,HIGH,1.0,0,1,2.5,2.0
complex_queries,Q090,supplier,s_suppkey,JOIN_ON,LOW,0.0,0,1,2.5,2.0
complex_queries,Q090,supplier,s_name,SELECT,LOW,0.0,0,1,1.0,2.0
complex_queries,Q090,supplier,s_suppkey,SELECT,LOW,0.0,0,1,1.0,2.0
complex_queries,Q090,supplier,s_name,GROUP_BY,LOW,0.0,0,1,1.5,2.0
complex_queries,Q090,supplier,s_suppkey,GROUP_BY,LOW,0.0,0,1,1.5,2.0
complex_queries,Q091,orders,o_totalprice,WHERE,HIGH,0.995,0,1,3.0,2.0
complex_queries,Q091,orders,o_custkey,WHERE,HIGH,0.995,0,1,3.0,2.0
complex_queries,Q094,supplier,s_nationkey,WHERE,HIGH,1.0,0,1,3.0,2.0
complex_queries,Q094,nation,n_name,ORDER_BY,HIGH,1.0,0,1,1.0,2.0
complex_queries,Q094,supplier,s_acctbal,WHERE,HIGH,1.0,0,1,3.0,2.0
complex_queries,Q094,nation,n_nationkey,WHERE,HIGH,1.0,0,1,3.0,2.0
complex_queries,Q094,nation,n_name,SELECT,HIGH,1.0,0,1,1.0,2.0
complex_queries,Q097,lineitem,l_suppkey,WHERE,HIGH,1.0,0,1,3.0,2.0
complex_queries,Q097,lineitem,l_suppkey,ORDER_BY,HIGH,1.0,0,1,1.0,2.0
complex_queries,Q097,lineitem,l_shipdate,WHERE,HIGH,1.0,0,1,3.0,2.0
complex_queries,Q097,lineitem,l_suppkey,SELECT,HIGH,1.0,0,1,1.0,2.0
complex_queries,Q101,orders,o_custkey,SELECT,HIGH,1.0,0,1,1.0,2.0
complex_queries,Q101,orders,o_totalprice,ORDER_BY,HIGH,1.0,0,1,1.0,2.0
complex_queries,Q101,orders,o_totalprice,SELECT,HIGH,1.0,0,1,1.0,2.0
complex_queries,Q101,orders,o_custkey,GROUP_BY,HIGH,1.0,0,1,1.5,2.0
complex_queries,Q102,nation,n_name,GROUP_BY,HIGH,1.0,0,1,1.5,2.0
complex_queries,Q102,nation,n_name,SELECT,HIGH,1.0,0,1,1.0,2.0
complex_queries,Q102,nation,n_nationkey,JOIN_ON,HIGH,1.0,0,1,2.5,2.0
complex_queries,Q105,supplier,s_suppkey,JOIN_ON,HIGH,1.0,0,1,2.5,2.0
complex_queries,Q105,supplier,s_name,SELECT,HIGH,1.0,0,1,1.0,2.0
complex_queries,Q105,supplier,s_suppkey,SELECT,HIGH,1.0,0,1,1.0,2.0
complex_queries,Q106,region,r_name,SELECT,HIGH,1.0,0,1,1.0,2.0
complex_queries,Q106,nation,n_name,GROUP_BY,HIGH,1.0,0,1,1.5,2.0
complex_queries,Q106,region,r_name,GROUP_BY,HIGH,1.0,0,1,1.5,2.0
complex_queries,Q106,nation,n_regionkey,JOIN_ON,HIGH,1.0,0,1,2.5,2.0
complex_queries,Q106,nation,n_name,SELECT,HIGH,1.0,0,1,1.0,2.0
complex_queries,Q106,region,r_regionkey,JOIN_ON,HIGH,1.0,0,1,2.5,2.0
complex_queries,Q106,region,r_name,ORDER_BY,HIGH,1.0,0,1,1.0,2.0
complex_queries,Q106,nation,n_nationkey,JOIN_ON,HIGH,1.0,0,1,2.5,2.0
complex_queries,Q107,orders,o_totalprice,ORDER_BY,HIGH,1.0,0,1,1.0,2.0
complex_queries,Q107,orders,o_orderkey,SELECT,HIGH,1.0,0,1,1.0,2.0
complex_queries,Q107,orders,o_custkey,SELECT,HIGH,1.0,0,1,1.0,2.0
complex_queries,Q107,orders,o_orderdate,SELECT,HIGH,1.0,0,1,1.0,2.0
complex_queries,Q107,orders,o_totalprice,SELECT,HIGH,1.0,0,1,1.0,2.0
complex_queries,Q113,lineitem,l_quantity,SELECT,HIGH,1.0,0,1,1.0,2.0
complex_queries,Q113,lineitem,l_shipmode,SELECT,HIGH,1.0,0,1,1.0,2.0
complex_queries,Q113,lineitem,l_shipmode,GROUP_BY,HIGH,1.0,0,1,1.5,2.0
complex_queries,Q113,lineitem,l_discount,SELECT,HIGH,1.0,0,1,1.0,2.0
complex_queries,Q113,lineitem,l_extendedprice,SELECT,HIGH,1.0,0,1,1.0,2.0
complex_queries,Q116,supplier,s_suppkey,JOIN_ON,HIGH,1.0,0,1,2.5,2.0
complex_queries,Q116,supplier,s_name,SELECT,HIGH,1.0,0,1,1.0,2.0
complex_queries,Q119,part,p_type,GROUP_BY,HIGH,1.0,0,1,1.5,2.0
complex_queries,Q119,part,p_type,SELECT,HIGH,1.0,0,1,1.0,2.0
complex_queries,Q119,part,p_partkey,JOIN_ON,HIGH,1.0,0,1,2.5,2.0
complex_queries,Q119,part,p_brand,SELECT,HIGH,1.0,0,1,1.0,2.0
complex_queries,Q119,part,p_brand,GROUP_BY,HIGH,1.0,0,1,1.5,2.0
complex_queries,Q120,orders,o_orderkey,SELECT,HIGH,0.995,0,1,1.0,2.0
complex_queries,Q120,orders,o_custkey,SELECT,HIGH,0.995,0,1,1.0,2.0
complex_queries,Q120,orders,o_totalprice,SELECT,HIGH,0.995,0,1,1.0,2.0
complex_queries,Q120,orders,o_totalprice,WHERE,HIGH,0.995,0,1,3.0,2.0
complex_queries,Q123,lineitem,l_quantity,SELECT,HIGH,1.0,0,1,1.0,2.0
complex_queries,Q123,lineitem,l_extendedprice,SELECT,HIGH,1.0,0,1,1.0,2.0
complex_queries,Q123,lineitem,l_discount,SELECT,HIGH,1.0,0,1,1.0,2.0
complex_queries,Q124,nation,n_name,SELECT,HIGH,0.9976,0,1,1.0,2.0
complex_queries,Q124,nation,n_nationkey,JOIN_ON,HIGH,0.9976,0,1,2.5,2.0
complex_queries,Q125,orders,o_custkey,JOIN_ON,HIGH,1.0,0,1,2.5,2.0
complex_queries,Q125,orders,o_totalprice,ORDER_BY,HIGH,1.0,0,1,1.0,2.0
complex_queries,Q125,orders,o_orderdate,GROUP_BY,HIGH,1.0,0,1,1.5,2.0
complex_queries,Q125,orders,o_orderdate,SELECT,HIGH,1.0,0,1,1.0,2.0
complex_queries,Q125,orders,o_totalprice,SELECT,HIGH,1.0,0,1,1.0,2.0
complex_queries,Q127,region,r_regionkey,JOIN_ON,HIGH,1.0,0,1,2.5,2.0
complex_queries,Q127,region,r_name,SELECT,HIGH,1.0,0,1,1.0,2.0
complex_queries,Q127,region,r_name,GROUP_BY,HIGH,1.0,0,1,1.5,2.0
complex_queries,Q127,nation,n_regionkey,JOIN_ON,HIGH,1.0,0,1,2.5,2.0
complex_queries,Q127,region,r_name,ORDER_BY,HIGH,1.0,0,1,1.0,2.0
complex_queries,Q127,nation,n_nationkey,JOIN_ON,HIGH,1.0,0,1,2.5,2.0
complex_queries,Q128,lineitem,l_suppkey,GROUP_BY,HIGH,1.0,0,1,1.5,2.0
complex_queries,Q128,lineitem,l_shipdate,GROUP_BY,HIGH,1.0,0,1,1.5,2.0
complex_queries,Q128,lineitem,l_suppkey,ORDER_BY,HIGH,1.0,0,1,1.0,2.0
complex_queries,Q128,lineitem,l_shipdate,SELECT,HIGH,1.0,0,1,1.0,2.0
complex_queries,Q128,lineitem,l_discount,SELECT,HIGH,1.0,0,1,1.0,2.0
complex_queries,Q128,lineitem,l_extendedprice,SELECT,HIGH,1.0,0,1,1.0,2.0
complex_queries,Q128,lineitem,l_suppkey,SELECT,HIGH,1.0,0,1,1.0,2.0
complex_queries,Q129,part,p_container,ORDER_BY,HIGH,1.0,0,1,1.0,2.0
complex_queries,Q129,part,p_partkey,JOIN_ON,HIGH,1.0,0,1,2.5,2.0
complex_queries,Q129,part,p_container,GROUP_BY,HIGH,1.0,0,1,1.5,2.0
complex_queries,Q129,part,p_container,SELECT,HIGH,1.0,0,1,1.0,2.0
complex_queries,Q131,orders,o_orderkey,JOIN_ON,HIGH,1.0,0,1,2.5,2.0
complex_queries,Q131,orders,o_orderdate,ORDER_BY,HIGH,1.0,0,1,1.0,2.0
complex_queries,Q131,orders,o_custkey,GROUP_BY,HIGH,1.0,0,1,1.5,2.0
complex_queries,Q131,orders,o_orderkey,GROUP_BY,HIGH,1.0,0,1,1.5,2.0
complex_queries,Q131,orders,o_custkey,SELECT,HIGH,1.0,0,1,1.0,2.0
complex_queries,Q131,orders,o_orderdate,GROUP_BY,HIGH,1.0,0,1,1.5,2.0
complex_queries,Q131,orders,o_orderdate,SELECT,HIGH,1.0,0,1,1.0,2.0
complex_queries,Q131,orders,o_custkey,ORDER_BY,HIGH,1.0,0,1,1.0,2.0
complex_queries,Q133,orders,o_orderpriority,GROUP_BY,HIGH,1.0,0,1,1.5,2.0
complex_queries,Q133,orders,o_orderpriority,SELECT,HIGH,1.0,0,1,1.0,2.0
complex_queries,Q133,orders,o_orderpriority,ORDER_BY,HIGH,1.0,0,1,1.0,2.0
complex_queries,Q133,orders,o_totalprice,ORDER_BY,HIGH,1.0,0,1,1.0,2.0
complex_queries,Q133,orders,o_totalprice,SELECT,HIGH,1.0,0,1,1.0,2.0
complex_queries,Q134,nation,n_name,GROUP_BY,HIGH,1.0,0,1,1.5,2.0
complex_queries,Q134,nation,n_name,SELECT,HIGH,1.0,0,1,1.0,2.0
complex_queries,Q134,nation,n_nationkey,JOIN_ON,HIGH,1.0,0,1,2.5,2.0
complex_queries,Q135,nation,n_name,ORDER_BY,HIGH,0.9986,0,1,1.0,2.0
complex_queries,Q135,nation,n_name,GROUP_BY,HIGH,0.9986,0,1,1.5,2.0
complex_queries,Q135,nation,n_name,SELECT,HIGH,0.9986,0,1,1.0,2.0
complex_queries,Q135,nation,n_nationkey,JOIN_ON,HIGH,0.9986,0,1,2.5,2.0
complex_queries,Q136,lineitem,l_quantity,SELECT,HIGH,1.0,0,1,1.0,2.0
complex_queries,Q136,lineitem,l_shipmode,SELECT,HIGH,1.0,0,1,1.0,2.0
complex_queries,Q136,lineitem,l_shipdate,GROUP_BY,HIGH,1.0,0,1,1.5,2.0
complex_queries,Q136,lineitem,l_shipdate,SELECT,HIGH,1.0,0,1,1.0,2.0
complex_queries,Q136,lineitem,l_shipmode,GROUP_BY,HIGH,1.0,0,1,1.5,2.0
complex_queries,Q136,lineitem,l_shipmode,ORDER_BY,HIGH,1.0,0,1,1.0,2.0
complex_queries,Q137,orders,o_totalprice,ORDER_BY,HIGH,1.0,0,1,1.0,2.0
complex_queries,Q137,orders,o_custkey,GROUP_BY,HIGH,1.0,0,1,1.5,2.0
complex_queries,Q137,orders,o_orderkey,SELECT,HIGH,1.0,0,1,1.0,2.0
complex_queries,Q137,orders,o_custkey,SELECT,HIGH,1.0,0,1,1.0,2.0
complex_queries,Q137,orders,o_totalprice,SELECT,HIGH,1.0,0,1,1.0,2.0
complex_queries,Q138,orders,o_custkey,SELECT,HIGH,1.0,0,1,1.0,2.0
complex_queries,Q138,orders,o_orderdate,SELECT,HIGH,1.0,0,1,1.0,2.0
complex_queries,Q138,orders,o_orderdate,ORDER_BY,HIGH,1.0,0,1,1.0,2.0
complex_queries,Q138,orders,o_totalprice,SELECT,HIGH,1.0,0,1,1.0,2.0
complex_queries,Q139,region,r_regionkey,JOIN_ON,HIGH,1.0,0,1,2.5,2.0
complex_queries,Q139,region,r_name,SELECT,HIGH,1.0,0,1,1.0,2.0
complex_queries,Q139,region,r_name,GROUP_BY,HIGH,1.0,0,1,1.5,2.0
complex_queries,Q139,nation,n_regionkey,JOIN_ON,HIGH,1.0,0,1,2.5,2.0
complex_queries,Q139,region,r_name,ORDER_BY,HIGH,1.0,0,1,1.0,2.0
complex_queries,Q139,nation,n_nationkey,JOIN_ON,HIGH,1.0,0,1,2.5,2.0
complex_queries,Q142,orders,o_custkey,SELECT,HIGH,1.0,0,1,1.0,2.0
complex_queries,Q142,orders,o_orderdate,SELECT,HIGH,1.0,0,1,1.0,2.0
complex_queries,Q142,orders,o_custkey,GROUP_BY,HIGH,1.0,0,1,1.5,2.0
complex_queries,Q144,lineitem,l_shipdate,SELECT,HIGH,1.0,0,1,1.0,2.0
complex_queries,Q144,lineitem,l_extendedprice,SELECT,HIGH,1.0,0,1,1.0,2.0
complex_queries,Q144,lineitem,l_discount,SELECT,HIGH,1.0,0,1,1.0,2.0
complex_queries,Q144,lineitem,l_shipdate,GROUP_BY,HIGH,1.0,0,1,1.5,2.0
complex_queries,Q145,supplier,s_suppkey,JOIN_ON,HIGH,1.0,0,1,2.5,2.0
complex_queries,Q145,supplier,s_name,SELECT,HIGH,1.0,0,1,1.0,2.0
complex_queries,Q145,supplier,s_nationkey,JOIN_ON,HIGH,1.0,0,1,2.5,2.0
complex_queries,Q148,nation,n_name,SELECT,HIGH,1.0,0,1,1.0,2.0
complex_queries,Q148,nation,n_nationkey,JOIN_ON,HIGH,1.0,0,1,2.5,2.0
complex_queries,Q160,region,r_name,JOIN_ON,HIGH,0.9986,0,1,2.5,2.0
complex_queries,Q160,region,r_name,SELECT,HIGH,0.9986,0,1,1.0,2.0
complex_queries,Q160,region,r_name,GROUP_BY,HIGH,0.9986,0,1,1.5,2.0
complex_queries,Q160,nation,n_regionkey,JOIN_ON,HIGH,0.9986,0,1,2.5,2.0
complex_queries,Q160,region,r_regionkey,JOIN_ON,HIGH,0.9986,0,1,2.5,2.0
complex_queries,Q160,nation,n_nationkey,JOIN_ON,HIGH,0.9986,0,1,2.5,2.0
complex_queries,Q161,region,r_regionkey,WHERE,HIGH,0.975,0,1,3.0,2.0
complex_queries,Q161,region,r_name,WHERE,HIGH,0.975,0,1,3.0,2.0
complex_queries,Q164,region,r_regionkey,WHERE,HIGH,1.0,0,1,3.0,2.0
complex_queries,Q164,region,r_name,WHERE,HIGH,1.0,0,1,3.0,2.0
complex_queries,Q165,part,p_partkey,WHERE,HIGH,1.0,0,1,3.0,2.0
complex_queries,Q165,part,p_name,WHERE,HIGH,1.0,0,1,3.0,2.0
complex_queries,Q167,nation,n_name,WHERE,HIGH,1.0,0,1,3.0,2.0
complex_queries,Q167,nation,n_nationkey,WHERE,HIGH,1.0,0,1,3.0,2.0
complex_queries,Q168,lineitem,l_shipmode,SELECT,HIGH,1.0,0,1,1.0,2.0
complex_queries,Q168,lineitem,l_shipmode,GROUP_BY,HIGH,1.0,0,1,1.5,2.0
complex_queries,Q168,lineitem,l_commitdate,WHERE,HIGH,1.0,0,1,3.0,2.0
complex_queries,Q168,lineitem,l_receiptdate,WHERE,HIGH,1.0,0,1,3.0,2.0
complex_queries,Q168,lineitem,l_shipmode,ORDER_BY,HIGH,1.0,0,1,1.0,2.0
complex_queries,Q168,lineitem,l_shipdate,WHERE,HIGH,1.0,0,1,3.0,2.0
complex_queries,Q168,lineitem,l_shipmode,WHERE,HIGH,1.0,0,1,3.0,2.0
complex_queries,Q168,lineitem,l_orderkey,WHERE,HIGH,1.0,0,1,3.0,2.0
complex_queries,Q172,part,p_partkey,WHERE,HIGH,0.967,0,1,3.0,2.0
complex_queries,Q172,part,p_brand,WHERE,HIGH,0.967,0,1,3.0,2.0
complex_queries,Q172,part,p_type,GROUP_BY,HIGH,0.967,0,1,1.5,2.0
complex_queries,Q172,part,p_type,SELECT,HIGH,0.967,0,1,1.0,2.0
complex_queries,Q172,part,p_size,WHERE,HIGH,0.967,0,1,3.0,2.0
complex_queries,Q172,part,p_size,ORDER_BY,HIGH,0.967,0,1,1.0,2.0
complex_queries,Q172,supplier,s_suppkey,SELECT,HIGH,0.967,0,1,1.0,2.0
complex_queries,Q172,part,p_brand,SELECT,HIGH,0.967,0,1,1.0,2.0
complex_queries,Q172,part,p_type,WHERE,HIGH,0.967,0,1,3.0,2.0
complex_queries,Q172,part,p_type,ORDER_BY,HIGH,0.967,0,1,1.0,2.0
complex_queries,Q172,supplier,s_comment,WHERE,HIGH,0.967,0,1,3.0,2.0
complex_queries,Q172,part,p_brand,GROUP_BY,HIGH,0.967,0,1,1.5,2.0
complex_queries,Q172,part,p_size,GROUP_BY,HIGH,0.967,0,1,1.5,2.0
complex_queries,Q172,part,p_brand,ORDER_BY,HIGH,0.967,0,1,1.0,2.0
complex_queries,Q172,part,p_size,SELECT,HIGH,0.967,0,1,1.0,2.0
complex_queries,Q174,customer,c_custkey,WHERE,HIGH,0.9885,0,1,3.0,2.0
complex_queries,Q174,customer,c_custkey,SELECT,HIGH,0.9885,0,1,1.0,2.0
complex_queries,Q174,customer,c_name,GROUP_BY,HIGH,0.9885,0,1,1.5,2.0
complex_queries,Q174,customer,c_custkey,GROUP_BY,HIGH,0.9885,0,1,1.5,2.0
complex_queries,Q174,customer,c_name,SELECT,HIGH,0.9885,0,1,1.0,2.0
complex_queries,Q175,part,p_partkey,WHERE,HIGH,1.0,0,1,3.0,2.0
complex_queries,Q175,part,p_brand,WHERE,HIGH,1.0,0,1,3.0,2.0
complex_queries,Q175,part,p_size,WHERE,HIGH,1.0,0,1,3.0,2.0
complex_queries,Q175,part,p_container,WHERE,HIGH,1.0,0,1,3.0,2.0
complex_queries,Q176,orders,o_orderpriority,GROUP_BY,HIGH,1.0,0,1,1.5,2.0
complex_queries,Q176,orders,o_orderpriority,SELECT,HIGH,1.0,0,1,1.0,2.0
complex_queries,Q176,orders,o_orderkey,JOIN_ON,HIGH,1.0,0,1,2.5,2.0
complex_queries,Q176,orders,o_orderpriority,ORDER_BY,HIGH,1.0,0,1,1.0,2.0
complex_queries,Q176,orders,o_custkey,GROUP_BY,HIGH,1.0,0,1,1.5,2.0
complex_queries,Q176,orders,o_orderkey,GROUP_BY,HIGH,1.0,0,1,1.5,2.0
complex_queries,Q176,orders,o_orderkey,SELECT,HIGH,1.0,0,1,1.0,2.0
complex_queries,Q176,orders,o_custkey,SELECT,HIGH,1.0,0,1,1.0,2.0
complex_queries,Q176,orders,o_orderdate,GROUP_BY,HIGH,1.0,0,1,1.5,2.0
complex_queries,Q176,orders,o_orderdate,SELECT,HIGH,1.0,0,1,1.0,2.0
complex_queries,Q180,region,r_regionkey,JOIN_ON,HIGH,1.0,0,1,2.5,2.0
complex_queries,Q180,region,r_name,SELECT,HIGH,1.0,0,1,1.0,2.0
complex_queries,Q180,nation,n_name,GROUP_BY,HIGH,1.0,0,1,1.5,2.0
complex_queries,Q180,region,r_name,GROUP_BY,HIGH,1.0,0,1,1.5,2.0
complex_queries,Q180,nation,n_regionkey,JOIN_ON,HIGH,1.0,0,1,2.5,2.0
complex_queries,Q180,nation,n_name,SELECT,HIGH,1.0,0,1,1.0,2.0
complex_queries,Q180,region,r_name,ORDER_BY,HIGH,1.0,0,1,1.0,2.0
complex_queries,Q180,nation,n_nationkey,JOIN_ON,HIGH,1.0,0,1,2.5,2.0
complex_queries,Q182,region,r_name,SELECT,HIGH,1.0,0,1,1.0,2.0
complex_queries,Q182,region,r_regionkey,JOIN_ON,HIGH,1.0,0,1,2.5,2.0
complex_queries,Q182,region,r_name,GROUP_BY,HIGH,1.0,0,1,1.5,2.0
complex_queries,Q182,nation,n_regionkey,JOIN_ON,HIGH,1.0,0,1,2.5,2.0
complex_queries,Q182,nation,n_nationkey,JOIN_ON,HIGH,1.0,0,1,2.5,2.0
complex_queries,Q184,part,p_partkey,JOIN_ON,HIGH,1.0,0,1,2.5,2.0
complex_queries,Q184,part,p_partkey,SELECT,HIGH,1.0,0,1,1.0,2.0
complex_queries,Q184,part,p_brand,SELECT,HIGH,1.0,0,1,1.0,2.0
complex_queries,Q184,part,p_name,SELECT,HIGH,1.0,0,1,1.0,2.0
complex_queries,Q185,lineitem,l_quantity,SELECT,HIGH,1.0,0,1,1.0,2.0
complex_queries,Q185,lineitem,l_shipdate,GROUP_BY,HIGH,1.0,0,1,1.5,2.0
complex_queries,Q185,lineitem,l_returnflag,SELECT,HIGH,1.0,0,1,1.0,2.0
complex_queries,Q185,lineitem,l_shipdate,SELECT,HIGH,1.0,0,1,1.0,2.0
complex_queries,Q185,lineitem,l_discount,SELECT,HIGH,1.0,0,1,1.0,2.0
complex_queries,Q185,lineitem,l_extendedprice,SELECT,HIGH,1.0,0,1,1.0,2.0
complex_queries,Q186,supplier,s_suppkey,JOIN_ON,HIGH,1.0,0,1,2.5,2.0
complex_queries,Q186,supplier,s_nationkey,JOIN_ON,HIGH,1.0,0,1,2.5,2.0
complex_queries,Q186,supplier,s_suppkey,SELECT,HIGH,1.0,0,1,1.0,2.0
complex_queries,Q186,supplier,s_acctbal,SELECT,HIGH,1.0,0,1,1.0,2.0
complex_queries,Q187,part,p_name,GROUP_BY,HIGH,0.9814,0,1,1.5,2.0
complex_queries,Q187,part,p_partkey,JOIN_ON,HIGH,0.9814,0,1,2.5,2.0
complex_queries,Q187,part,p_brand,SELECT,HIGH,0.9814,0,1,1.0,2.0
complex_queries,Q187,part,p_name,SELECT,HIGH,0.9814,0,1,1.0,2.0
complex_queries,Q187,part,p_brand,GROUP_BY,HIGH,0.9814,0,1,1.5,2.0
complex_queries,Q188,part,p_type,SELECT,HIGH,1.0,0,1,1.0,2.0
complex_queries,Q188,part,p_partkey,JOIN_ON,HIGH,1.0,0,1,2.5,2.0
complex_queries,Q188,part,p_brand,SELECT,HIGH,1.0,0,1,1.0,2.0
complex_queries,Q189,region,r_regionkey,JOIN_ON,HIGH,1.0,0,1,2.5,2.0
complex_queries,Q189,region,r_name,SELECT,HIGH,1.0,0,1,1.0,2.0
complex_queries,Q189,region,r_name,GROUP_BY,HIGH,1.0,0,1,1.5,2.0
complex_queries,Q189,nation,n_regionkey,JOIN_ON,HIGH,1.0,0,1,2.5,2.0
complex_queries,Q189,nation,n_nationkey,JOIN_ON,HIGH,1.0,0,1,2.5,2.0
complex_queries,Q193,orders,o_custkey,JOIN_ON,HIGH,1.0,0,1,2.5,2.0
complex_queries,Q193,orders,o_custkey,GROUP_BY,HIGH,1.0,0,1,1.5,2.0
complex_queries,Q193,orders,o_custkey,SELECT,HIGH,1.0,0,1,1.0,2.0
complex_queries,Q193,orders,o_totalprice,SELECT,HIGH,1.0,0,1,1.0,2.0
complex_queries,Q195,orders,o_orderpriority,GROUP_BY,HIGH,1.0,0,1,1.5,2.0
complex_queries,Q195,orders,o_orderpriority,SELECT,HIGH,1.0,0,1,1.0,2.0
complex_queries,Q195,orders,o_orderkey,JOIN_ON,HIGH,1.0,0,1,2.5,2.0
complex_queries,Q195,orders,o_orderdate,SELECT,HIGH,1.0,0,1,1.0,2.0
complex_queries,Q197,lineitem,l_quantity,SELECT,HIGH,1.0,0,1,1.0,2.0
complex_queries,Q197,lineitem,l_extendedprice,SELECT,HIGH,1.0,0,1,1.0,2.0
complex_queries,Q197,lineitem,l_discount,SELECT,HIGH,1.0,0,1,1.0,2.0
complex_queries,Q198,orders,o_custkey,JOIN_ON,HIGH,1.0,0,1,2.5,2.0
complex_queries,Q198,orders,o_custkey,SELECT,HIGH,1.0,0,1,1.0,2.0
complex_queries,Q198,orders,o_orderkey,JOIN_ON,HIGH,1.0,0,1,2.5,2.0
complex_queries,Q198,orders,o_orderkey,SELECT,HIGH,1.0,0,1,1.0,2.0
complex_queries,Q198,orders,o_totalprice,SELECT,HIGH,1.0,0,1,1.0,2.0
complex_queries,Q200,orders,o_custkey,JOIN_ON,HIGH,1.0,0,1,2.5,2.0
complex_queries,Q200,region,r_name,SELECT,HIGH,1.0,0,1,1.0,2.0
complex_queries,Q200,orders,o_custkey,SELECT,HIGH,1.0,0,1,1.0,2.0
complex_queries,Q200,orders,o_orderdate,SELECT,HIGH,1.0,0,1,1.0,2.0
complex_queries,Q200,region,r_regionkey,JOIN_ON,HIGH,1.0,0,1,2.5,2.0
complex_queries,Q200,orders,o_orderkey,JOIN_ON,HIGH,1.0,0,1,2.5,2.0
complex_queries,Q200,orders,o_custkey,GROUP_BY,HIGH,1.0,0,1,1.5,2.0
complex_queries,Q200,orders,o_orderkey,SELECT,HIGH,1.0,0,1,1.0,2.0
complex_queries,Q200,orders,o_orderdate,GROUP_BY,HIGH,1.0,0,1,1.5,2.0
complex_queries,Q200,orders,o_totalprice,SELECT,HIGH,1.0,0,1,1.0,2.0
