category,query_id,query_number,explain_row,id,select_type,table,partitions,type,possible_keys,key,key_len,ref,rows,filtered,Extra,explain_analyze,error
single_table_filters,Q001,1,1,1,SIMPLE,ORDERS,,ALL,,,,,14901233,33.33,Using where,"-> Filter: (orders.o_totalprice > 10000.00)  (cost=1.6e+6 rows=4.97e+6) (actual time=1.66..5480 rows=14.7e+6 loops=1)
    -> Table scan on ORDERS  (cost=1.6e+6 rows=14.9e+6) (actual time=1.44..4621 rows=15e+6 loops=1)
",
single_table_filters,Q002,2,1,1,SIMPLE,ORDERS,,ALL,,,,,14901233,33.33,Using where,"-> Filter: (orders.o_totalprice > 50000.00)  (cost=1.6e+6 rows=4.97e+6) (actual time=1.33..5402 rows=12.9e+6 loops=1)
    -> Table scan on ORDERS  (cost=1.6e+6 rows=14.9e+6) (actual time=1.33..4566 rows=15e+6 loops=1)
",
single_table_filters,Q003,3,1,1,SIMPLE,ORDERS,,ALL,,,,,14901233,11.11,Using where,"-> Filter: (orders.o_totalprice between 20000 and 40000)  (cost=1.6e+6 rows=1.66e+6) (actual time=0.111..5338 rows=902502 loops=1)
    -> Table scan on ORDERS  (cost=1.6e+6 rows=14.9e+6) (actual time=0.106..4600 rows=15e+6 loops=1)
",
single_table_filters,Q004,4,1,1,SIMPLE,ORDERS,,ALL,,,,,14901233,33.33,Using where,"-> Filter: (orders.o_orderdate > DATE'1995-01-01')  (cost=1.6e+6 rows=4.97e+6) (actual time=1.48..5128 rows=8.16e+6 loops=1)
    -> Table scan on ORDERS  (cost=1.6e+6 rows=14.9e+6) (actual time=1.48..4573 rows=15e+6 loops=1)
",
single_table_filters,Q005,5,1,1,SIMPLE,ORDERS,,ALL,,,,,14901233,11.11,Using where,"-> Filter: (orders.o_orderdate between '1995-01-01' and '1996-01-01')  (cost=1.6e+6 rows=1.66e+6) (actual time=0.496..6469 rows=2.28e+6 loops=1)
    -> Table scan on ORDERS  (cost=1.6e+6 rows=14.9e+6) (actual time=0.482..4616 rows=15e+6 loops=1)
",
single_table_filters,Q006,6,1,1,SIMPLE,ORDERS,,ALL,,,,,14901233,33.33,Using where,"-> Filter: (orders.o_orderdate > DATE'1996-01-01')  (cost=1.6e+6 rows=4.97e+6) (actual time=1.61..2652 rows=5.88e+6 loops=1)
    -> Table scan on ORDERS  (cost=1.6e+6 rows=14.9e+6) (actual time=1.6..2219 rows=15e+6 loops=1)
",
single_table_filters,Q007,7,1,1,SIMPLE,ORDERS,,ALL,,,,,14901233,10.0,Using where,"-> Filter: (orders.o_custkey = 1000)  (cost=1.6e+6 rows=1.49e+6) (actual time=227..2505 rows=18 loops=1)
    -> Table scan on ORDERS  (cost=1.6e+6 rows=14.9e+6) (actual time=1.38..2195 rows=15e+6 loops=1)
",
single_table_filters,Q008,8,1,1,SIMPLE,ORDERS,,ALL,,,,,14901233,11.11,Using where,"-> Filter: (orders.o_custkey between 100 and 500)  (cost=1.6e+6 rows=1.66e+6) (actual time=0.842..4970 rows=4088 loops=1)
    -> Table scan on ORDERS  (cost=1.6e+6 rows=14.9e+6) (actual time=0.0848..4644 rows=15e+6 loops=1)
",
single_table_filters,Q009,9,1,1,SIMPLE,ORDERS,,ALL,,,,,14901233,33.33,Using where,"-> Filter: (orders.o_totalprice < 5000.00)  (cost=1.6e+6 rows=4.97e+6) (actual time=0.787..2735 rows=130464 loops=1)
    -> Table scan on ORDERS  (cost=1.6e+6 rows=14.9e+6) (actual time=0.782..2252 rows=15e+6 loops=1)
",
single_table_filters,Q010,10,1,1,SIMPLE,ORDERS,,ALL,,,,,14901233,10.0,Using where,"-> Filter: (orders.o_orderstatus = 'O')  (cost=1.6e+6 rows=1.49e+6) (actual time=0.497..5252 rows=7.31e+6 loops=1)
    -> Table scan on ORDERS  (cost=1.6e+6 rows=14.9e+6) (actual time=0.492..4554 rows=15e+6 loops=1)
",
single_table_filters,Q011,11,1,1,SIMPLE,ORDERS,,ALL,,,,,14901233,11.11,Using where,"-> Filter: ((orders.o_totalprice > 15000.00) and (orders.o_orderdate > DATE'1996-01-01'))  (cost=1.6e+6 rows=1.66e+6) (actual time=0.494..5657 rows=5.7e+6 loops=1)
    -> Table scan on ORDERS  (cost=1.6e+6 rows=14.9e+6) (actual time=0.489..4622 rows=15e+6 loops=1)
",
single_table_filters,Q012,12,1,1,SIMPLE,ORDERS,,ALL,,,,,14901233,33.33,Using where,"-> Filter: (orders.o_totalprice >= 30000.00)  (cost=1.6e+6 rows=4.97e+6) (actual time=1.98..2965 rows=13.9e+6 loops=1)
    -> Table scan on ORDERS  (cost=1.6e+6 rows=14.9e+6) (actual time=1.98..2266 rows=15e+6 loops=1)
",
single_table_filters,Q013,13,1,1,SIMPLE,ORDERS,,ALL,,,,,14901233,33.33,Using where,"-> Filter: (orders.o_totalprice <= 15000.00)  (cost=1.6e+6 rows=4.97e+6) (actual time=0.808..2740 rows=471958 loops=1)
    -> Table scan on ORDERS  (cost=1.6e+6 rows=14.9e+6) (actual time=0.804..2250 rows=15e+6 loops=1)
",
single_table_filters,Q014,14,1,1,SIMPLE,ORDERS,,ALL,,,,,14901233,11.11,Using where,"-> Filter: (orders.o_orderdate between '1994-01-01' and '1995-01-01')  (cost=1.6e+6 rows=1.66e+6) (actual time=0.665..3937 rows=2.28e+6 loops=1)
    -> Table scan on ORDERS  (cost=1.6e+6 rows=14.9e+6) (actual time=0.658..2184 rows=15e+6 loops=1)
",
single_table_filters,Q015,15,1,1,SIMPLE,ORDERS,,ALL,,,,,14901233,11.11,Using where,"-> Filter: (orders.o_custkey between 500 and 1000)  (cost=1.6e+6 rows=1.66e+6) (actual time=1.62..2517 rows=5015 loops=1)
    -> Table scan on ORDERS  (cost=1.6e+6 rows=14.9e+6) (actual time=1.38..2198 rows=15e+6 loops=1)
",
single_table_filters,Q016,16,1,1,SIMPLE,ORDERS,,ALL,,,,,14901233,11.11,Using where,"-> Filter: ((orders.o_totalprice > 20000.00) and (orders.o_custkey < 500))  (cost=1.6e+6 rows=1.66e+6) (actual time=0.931..5449 rows=4784 loops=1)
    -> Table scan on ORDERS  (cost=1.6e+6 rows=14.9e+6) (actual time=0.0852..4629 rows=15e+6 loops=1)
",
single_table_filters,Q017,17,1,1,SIMPLE,ORDERS,,ALL,,,,,14901233,33.33,Using where,"-> Filter: (orders.o_totalprice > 5000.00)  (cost=1.6e+6 rows=4.97e+6) (actual time=3.85..2966 rows=14.9e+6 loops=1)
    -> Table scan on ORDERS  (cost=1.6e+6 rows=14.9e+6) (actual time=3.84..2265 rows=15e+6 loops=1)
",
single_table_filters,Q018,18,1,1,SIMPLE,ORDERS,,ALL,,,,,14901233,33.33,Using where,"-> Filter: (orders.o_totalprice > 15000.00)  (cost=1.6e+6 rows=4.97e+6) (actual time=3.89..3000 rows=14.5e+6 loops=1)
    -> Table scan on ORDERS  (cost=1.6e+6 rows=14.9e+6) (actual time=3.88..2292 rows=15e+6 loops=1)
",
single_table_filters,Q019,19,1,1,SIMPLE,ORDERS,,ALL,,,,,14901233,33.33,Using where,"-> Filter: (orders.o_totalprice > 25000.00)  (cost=1.6e+6 rows=4.97e+6) (actual time=3.91..2966 rows=14.1e+6 loops=1)
    -> Table scan on ORDERS  (cost=1.6e+6 rows=14.9e+6) (actual time=3.91..2267 rows=15e+6 loops=1)
",
single_table_filters,Q020,20,1,1,SIMPLE,ORDERS,,ALL,,,,,14901233,33.33,Using where,"-> Filter: (orders.o_totalprice > 35000.00)  (cost=1.6e+6 rows=4.97e+6) (actual time=3.9..2963 rows=13.7e+6 loops=1)
    -> Table scan on ORDERS  (cost=1.6e+6 rows=14.9e+6) (actual time=3.9..2268 rows=15e+6 loops=1)
",
single_table_filters,Q021,21,1,1,SIMPLE,ORDERS,,ALL,,,,,14901233,33.33,Using where,"-> Filter: (orders.o_totalprice > 45000.00)  (cost=1.6e+6 rows=4.97e+6) (actual time=3.9..2956 rows=13.2e+6 loops=1)
    -> Table scan on ORDERS  (cost=1.6e+6 rows=14.9e+6) (actual time=3.9..2266 rows=15e+6 loops=1)
",
single_table_filters,Q022,22,1,1,SIMPLE,ORDERS,,ALL,,,,,14901233,33.33,Using where,"-> Filter: (orders.o_totalprice > 55000.00)  (cost=1.6e+6 rows=4.97e+6) (actual time=3.89..2958 rows=12.6e+6 loops=1)
    -> Table scan on ORDERS  (cost=1.6e+6 rows=14.9e+6) (actual time=3.89..2269 rows=15e+6 loops=1)
",
single_table_filters,Q023,23,1,1,SIMPLE,ORDERS,,ALL,,,,,14901233,11.11,Using where,"-> Filter: (orders.o_totalprice between 5000 and 15000)  (cost=1.6e+6 rows=1.66e+6) (actual time=0.812..2869 rows=341494 loops=1)
    -> Table scan on ORDERS  (cost=1.6e+6 rows=14.9e+6) (actual time=0.804..2252 rows=15e+6 loops=1)
",
single_table_filters,Q024,24,1,1,SIMPLE,ORDERS,,ALL,,,,,14901233,11.11,Using where,"-> Filter: (orders.o_totalprice between 15000 and 30000)  (cost=1.6e+6 rows=1.66e+6) (actual time=0.826..2876 rows=609402 loops=1)
    -> Table scan on ORDERS  (cost=1.6e+6 rows=14.9e+6) (actual time=0.823..2253 rows=15e+6 loops=1)
",
single_table_filters,Q025,25,1,1,SIMPLE,ORDERS,,ALL,,,,,14901233,11.11,Using where,"-> Filter: (orders.o_totalprice between 30000 and 60000)  (cost=1.6e+6 rows=1.66e+6) (actual time=0.742..2907 rows=1.62e+6 loops=1)
    -> Table scan on ORDERS  (cost=1.6e+6 rows=14.9e+6) (actual time=0.74..2256 rows=15e+6 loops=1)
",
single_table_filters,Q026,26,1,1,SIMPLE,ORDERS,,ALL,,,,,14901233,11.11,Using where,"-> Filter: (orders.o_totalprice between 10000 and 50000)  (cost=1.6e+6 rows=1.66e+6) (actual time=0.749..2906 rows=1.82e+6 loops=1)
    -> Table scan on ORDERS  (cost=1.6e+6 rows=14.9e+6) (actual time=0.746..2253 rows=15e+6 loops=1)
",
single_table_filters,Q027,27,1,,,,,,,,,,,,,,2013 (HY000): Lost connection to MySQL server during query
single_table_filters,Q028,28,1,,,,,,,,,,,,,,2013 (HY000): Lost connection to MySQL server during query
single_table_filters,Q029,29,1,,,,,,,,,,,,,,2013 (HY000): Lost connection to MySQL server during query
single_table_filters,Q030,30,1,,,,,,,,,,,,,,2013 (HY000): Lost connection to MySQL server during query
single_table_filters,Q031,31,1,,,,,,,,,,,,,,2013 (HY000): Lost connection to MySQL server during query
single_table_filters,Q032,32,1,,,,,,,,,,,,,,2013 (HY000): Lost connection to MySQL server during query
single_table_filters,Q033,33,1,,,,,,,,,,,,,,2013 (HY000): Lost connection to MySQL server during query
single_table_filters,Q034,34,1,,,,,,,,,,,,,,2013 (HY000): Lost connection to MySQL server during query
single_table_filters,Q035,35,1,,,,,,,,,,,,,,2013 (HY000): Lost connection to MySQL server during query
single_table_filters,Q036,36,1,,,,,,,,,,,,,,2013 (HY000): Lost connection to MySQL server during query
single_table_filters,Q037,37,1,,,,,,,,,,,,,,2013 (HY000): Lost connection to MySQL server during query
single_table_filters,Q038,38,1,,,,,,,,,,,,,,2013 (HY000): Lost connection to MySQL server during query
single_table_filters,Q039,39,1,,,,,,,,,,,,,,2013 (HY000): Lost connection to MySQL server during query
single_table_filters,Q040,40,1,,,,,,,,,,,,,,2013 (HY000): Lost connection to MySQL server during query
single_table_filters,Q041,41,1,,,,,,,,,,,,,,2013 (HY000): Lost connection to MySQL server during query
single_table_filters,Q042,42,1,,,,,,,,,,,,,,2013 (HY000): Lost connection to MySQL server during query
single_table_filters,Q043,43,1,,,,,,,,,,,,,,2013 (HY000): Lost connection to MySQL server during query
single_table_filters,Q044,44,1,,,,,,,,,,,,,,2013 (HY000): Lost connection to MySQL server during query
single_table_filters,Q045,45,1,,,,,,,,,,,,,,2013 (HY000): Lost connection to MySQL server during query
single_table_filters,Q046,46,1,,,,,,,,,,,,,,2013 (HY000): Lost connection to MySQL server during query
single_table_filters,Q047,47,1,,,,,,,,,,,,,,2013 (HY000): Lost connection to MySQL server during query
single_table_filters,Q048,48,1,,,,,,,,,,,,,,2013 (HY000): Lost connection to MySQL server during query
single_table_filters,Q049,49,1,,,,,,,,,,,,,,2013 (HY000): Lost connection to MySQL server during query
single_table_filters,Q050,50,1,,,,,,,,,,,,,,2013 (HY000): Lost connection to MySQL server during query
single_table_filters,Q051,51,1,,,,,,,,,,,,,,2013 (HY000): Lost connection to MySQL server during query
single_table_filters,Q052,52,1,,,,,,,,,,,,,,2013 (HY000): Lost connection to MySQL server during query
single_table_filters,Q053,53,1,,,,,,,,,,,,,,2013 (HY000): Lost connection to MySQL server during query
single_table_filters,Q054,54,1,,,,,,,,,,,,,,2013 (HY000): Lost connection to MySQL server during query
single_table_filters,Q055,55,1,,,,,,,,,,,,,,2013 (HY000): Lost connection to MySQL server during query
single_table_filters,Q056,56,1,,,,,,,,,,,,,,2013 (HY000): Lost connection to MySQL server during query
single_table_filters,Q057,57,1,,,,,,,,,,,,,,2013 (HY000): Lost connection to MySQL server during query
single_table_filters,Q058,58,1,,,,,,,,,,,,,,2013 (HY000): Lost connection to MySQL server during query
single_table_filters,Q059,59,1,,,,,,,,,,,,,,2013 (HY000): Lost connection to MySQL server during query
single_table_filters,Q060,60,1,,,,,,,,,,,,,,2013 (HY000): Lost connection to MySQL server during query
single_table_filters,Q061,61,1,,,,,,,,,,,,,,2013 (HY000): Lost connection to MySQL server during query
single_table_filters,Q062,62,1,,,,,,,,,,,,,,2013 (HY000): Lost connection to MySQL server during query
single_table_filters,Q063,63,1,,,,,,,,,,,,,,2013 (HY000): Lost connection to MySQL server during query
single_table_filters,Q064,64,1,,,,,,,,,,,,,,2013 (HY000): Lost connection to MySQL server during query
single_table_filters,Q065,65,1,,,,,,,,,,,,,,2013 (HY000): Lost connection to MySQL server during query
single_table_filters,Q066,66,1,,,,,,,,,,,,,,2013 (HY000): Lost connection to MySQL server during query
single_table_filters,Q067,67,1,,,,,,,,,,,,,,2013 (HY000): Lost connection to MySQL server during query
single_table_filters,Q068,68,1,,,,,,,,,,,,,,2013 (HY000): Lost connection to MySQL server during query
single_table_filters,Q069,69,1,,,,,,,,,,,,,,2013 (HY000): Lost connection to MySQL server during query
single_table_filters,Q070,70,1,,,,,,,,,,,,,,2013 (HY000): Lost connection to MySQL server during query
single_table_filters,Q071,71,1,,,,,,,,,,,,,,2013 (HY000): Lost connection to MySQL server during query
single_table_filters,Q072,72,1,,,,,,,,,,,,,,2013 (HY000): Lost connection to MySQL server during query
single_table_filters,Q073,73,1,,,,,,,,,,,,,,2013 (HY000): Lost connection to MySQL server during query
single_table_filters,Q074,74,1,,,,,,,,,,,,,,2013 (HY000): Lost connection to MySQL server during query
single_table_filters,Q075,75,1,,,,,,,,,,,,,,2013 (HY000): Lost connection to MySQL server during query
single_table_filters,Q076,76,1,,,,,,,,,,,,,,2013 (HY000): Lost connection to MySQL server during query
single_table_filters,Q077,77,1,,,,,,,,,,,,,,2013 (HY000): Lost connection to MySQL server during query
single_table_filters,Q078,78,1,,,,,,,,,,,,,,2013 (HY000): Lost connection to MySQL server during query
single_table_filters,Q079,79,1,,,,,,,,,,,,,,2013 (HY000): Lost connection to MySQL server during query
single_table_filters,Q080,80,1,,,,,,,,,,,,,,2013 (HY000): Lost connection to MySQL server during query
single_table_filters,Q081,81,1,,,,,,,,,,,,,,2013 (HY000): Lost connection to MySQL server during query
single_table_filters,Q082,82,1,,,,,,,,,,,,,,2013 (HY000): Lost connection to MySQL server during query
single_table_filters,Q083,83,1,,,,,,,,,,,,,,2013 (HY000): Lost connection to MySQL server during query
single_table_filters,Q084,84,1,,,,,,,,,,,,,,2013 (HY000): Lost connection to MySQL server during query
single_table_filters,Q085,85,1,,,,,,,,,,,,,,2013 (HY000): Lost connection to MySQL server during query
single_table_filters,Q086,86,1,,,,,,,,,,,,,,2013 (HY000): Lost connection to MySQL server during query
single_table_filters,Q087,87,1,,,,,,,,,,,,,,2013 (HY000): Lost connection to MySQL server during query
single_table_filters,Q088,88,1,,,,,,,,,,,,,,2013 (HY000): Lost connection to MySQL server during query
single_table_filters,Q089,89,1,,,,,,,,,,,,,,2013 (HY000): Lost connection to MySQL server during query
single_table_filters,Q090,90,1,,,,,,,,,,,,,,2013 (HY000): Lost connection to MySQL server during query
single_table_filters,Q091,91,1,,,,,,,,,,,,,,2013 (HY000): Lost connection to MySQL server during query
single_table_filters,Q092,92,1,,,,,,,,,,,,,,2013 (HY000): Lost connection to MySQL server during query
single_table_filters,Q093,93,1,,,,,,,,,,,,,,2013 (HY000): Lost connection to MySQL server during query
single_table_filters,Q094,94,1,,,,,,,,,,,,,,2013 (HY000): Lost connection to MySQL server during query
single_table_filters,Q095,95,1,,,,,,,,,,,,,,2013 (HY000): Lost connection to MySQL server during query
single_table_filters,Q096,96,1,,,,,,,,,,,,,,2013 (HY000): Lost connection to MySQL server during query
single_table_filters,Q097,97,1,,,,,,,,,,,,,,2013 (HY000): Lost connection to MySQL server during query
single_table_filters,Q098,98,1,,,,,,,,,,,,,,2013 (HY000): Lost connection to MySQL server during query
single_table_filters,Q099,99,1,,,,,,,,,,,,,,2013 (HY000): Lost connection to MySQL server during query
single_table_filters,Q100,100,1,,,,,,,,,,,,,,2013 (HY000): Lost connection to MySQL server during query
single_table_filters,Q101,101,1,,,,,,,,,,,,,,2013 (HY000): Lost connection to MySQL server during query
single_table_filters,Q102,102,1,,,,,,,,,,,,,,2013 (HY000): Lost connection to MySQL server during query
single_table_filters,Q103,103,1,,,,,,,,,,,,,,2013 (HY000): Lost connection to MySQL server during query
single_table_filters,Q104,104,1,,,,,,,,,,,,,,2013 (HY000): Lost connection to MySQL server during query
single_table_filters,Q105,105,1,,,,,,,,,,,,,,2013 (HY000): Lost connection to MySQL server during query
single_table_filters,Q106,106,1,,,,,,,,,,,,,,2013 (HY000): Lost connection to MySQL server during query
single_table_filters,Q107,107,1,,,,,,,,,,,,,,2013 (HY000): Lost connection to MySQL server during query
single_table_filters,Q108,108,1,,,,,,,,,,,,,,2013 (HY000): Lost connection to MySQL server during query
single_table_filters,Q109,109,1,,,,,,,,,,,,,,2013 (HY000): Lost connection to MySQL server during query
single_table_filters,Q110,110,1,,,,,,,,,,,,,,2013 (HY000): Lost connection to MySQL server during query
single_table_filters,Q111,111,1,,,,,,,,,,,,,,2013 (HY000): Lost connection to MySQL server during query
two_table_joins,Q001,112,1,,,,,,,,,,,,,,2013 (HY000): Lost connection to MySQL server during query
two_table_joins,Q002,113,1,,,,,,,,,,,,,,2013 (HY000): Lost connection to MySQL server during query
two_table_joins,Q003,114,1,,,,,,,,,,,,,,2013 (HY000): Lost connection to MySQL server during query
two_table_joins,Q004,115,1,,,,,,,,,,,,,,2013 (HY000): Lost connection to MySQL server during query
two_table_joins,Q005,116,1,,,,,,,,,,,,,,2013 (HY000): Lost connection to MySQL server during query
two_table_joins,Q006,117,1,,,,,,,,,,,,,,2013 (HY000): Lost connection to MySQL server during query
two_table_joins,Q007,118,1,,,,,,,,,,,,,,2013 (HY000): Lost connection to MySQL server during query
two_table_joins,Q008,119,1,,,,,,,,,,,,,,2013 (HY000): Lost connection to MySQL server during query
two_table_joins,Q009,120,1,,,,,,,,,,,,,,2013 (HY000): Lost connection to MySQL server during query
two_table_joins,Q010,121,1,,,,,,,,,,,,,,2013 (HY000): Lost connection to MySQL server during query
two_table_joins,Q011,122,1,,,,,,,,,,,,,,2013 (HY000): Lost connection to MySQL server during query
two_table_joins,Q012,123,1,,,,,,,,,,,,,,2013 (HY000): Lost connection to MySQL server during query
two_table_joins,Q013,124,1,,,,,,,,,,,,,,2013 (HY000): Lost connection to MySQL server during query
two_table_joins,Q014,125,1,,,,,,,,,,,,,,2013 (HY000): Lost connection to MySQL server during query
two_table_joins,Q015,126,1,,,,,,,,,,,,,,2013 (HY000): Lost connection to MySQL server during query
two_table_joins,Q016,127,1,,,,,,,,,,,,,,2013 (HY000): Lost connection to MySQL server during query
two_table_joins,Q017,128,1,,,,,,,,,,,,,,2013 (HY000): Lost connection to MySQL server during query
two_table_joins,Q018,129,1,,,,,,,,,,,,,,2013 (HY000): Lost connection to MySQL server during query
two_table_joins,Q019,130,1,,,,,,,,,,,,,,2013 (HY000): Lost connection to MySQL server during query
two_table_joins,Q020,131,1,,,,,,,,,,,,,,2013 (HY000): Lost connection to MySQL server during query
two_table_joins,Q021,132,1,,,,,,,,,,,,,,2013 (HY000): Lost connection to MySQL server during query
two_table_joins,Q022,133,1,,,,,,,,,,,,,,2013 (HY000): Lost connection to MySQL server during query
two_table_joins,Q023,134,1,,,,,,,,,,,,,,2013 (HY000): Lost connection to MySQL server during query
two_table_joins,Q024,135,1,,,,,,,,,,,,,,2013 (HY000): Lost connection to MySQL server during query
two_table_joins,Q025,136,1,,,,,,,,,,,,,,2013 (HY000): Lost connection to MySQL server during query
two_table_joins,Q026,137,1,,,,,,,,,,,,,,2013 (HY000): Lost connection to MySQL server during query
two_table_joins,Q027,138,1,,,,,,,,,,,,,,2013 (HY000): Lost connection to MySQL server during query
two_table_joins,Q028,139,1,,,,,,,,,,,,,,2013 (HY000): Lost connection to MySQL server during query
two_table_joins,Q029,140,1,,,,,,,,,,,,,,2013 (HY000): Lost connection to MySQL server during query
two_table_joins,Q030,141,1,,,,,,,,,,,,,,2013 (HY000): Lost connection to MySQL server during query
two_table_joins,Q031,142,1,,,,,,,,,,,,,,2013 (HY000): Lost connection to MySQL server during query
two_table_joins,Q032,143,1,,,,,,,,,,,,,,2013 (HY000): Lost connection to MySQL server during query
two_table_joins,Q033,144,1,,,,,,,,,,,,,,2013 (HY000): Lost connection to MySQL server during query
two_table_joins,Q034,145,1,,,,,,,,,,,,,,2013 (HY000): Lost connection to MySQL server during query
two_table_joins,Q035,146,1,,,,,,,,,,,,,,2013 (HY000): Lost connection to MySQL server during query
two_table_joins,Q036,147,1,,,,,,,,,,,,,,2013 (HY000): Lost connection to MySQL server during query
two_table_joins,Q037,148,1,,,,,,,,,,,,,,2013 (HY000): Lost connection to MySQL server during query
two_table_joins,Q038,149,1,,,,,,,,,,,,,,2013 (HY000): Lost connection to MySQL server during query
two_table_joins,Q039,150,1,,,,,,,,,,,,,,2013 (HY000): Lost connection to MySQL server during query
two_table_joins,Q040,151,1,,,,,,,,,,,,,,2013 (HY000): Lost connection to MySQL server during query
two_table_joins,Q041,152,1,,,,,,,,,,,,,,2013 (HY000): Lost connection to MySQL server during query
two_table_joins,Q042,153,1,,,,,,,,,,,,,,2013 (HY000): Lost connection to MySQL server during query
two_table_joins,Q043,154,1,,,,,,,,,,,,,,2013 (HY000): Lost connection to MySQL server during query
two_table_joins,Q044,155,1,,,,,,,,,,,,,,2013 (HY000): Lost connection to MySQL server during query
two_table_joins,Q045,156,1,,,,,,,,,,,,,,2013 (HY000): Lost connection to MySQL server during query
two_table_joins,Q046,157,1,,,,,,,,,,,,,,2013 (HY000): Lost connection to MySQL server during query
two_table_joins,Q047,158,1,,,,,,,,,,,,,,2013 (HY000): Lost connection to MySQL server during query
two_table_joins,Q048,159,1,,,,,,,,,,,,,,2013 (HY000): Lost connection to MySQL server during query
two_table_joins,Q049,160,1,,,,,,,,,,,,,,2013 (HY000): Lost connection to MySQL server during query
two_table_joins,Q050,161,1,,,,,,,,,,,,,,2013 (HY000): Lost connection to MySQL server during query
two_table_joins,Q051,162,1,,,,,,,,,,,,,,2013 (HY000): Lost connection to MySQL server during query
two_table_joins,Q052,163,1,,,,,,,,,,,,,,2013 (HY000): Lost connection to MySQL server during query
two_table_joins,Q053,164,1,,,,,,,,,,,,,,2013 (HY000): Lost connection to MySQL server during query
two_table_joins,Q054,165,1,,,,,,,,,,,,,,2013 (HY000): Lost connection to MySQL server during query
two_table_joins,Q055,166,1,,,,,,,,,,,,,,2013 (HY000): Lost connection to MySQL server during query
two_table_joins,Q056,167,1,,,,,,,,,,,,,,2013 (HY000): Lost connection to MySQL server during query
two_table_joins,Q057,168,1,,,,,,,,,,,,,,2013 (HY000): Lost connection to MySQL server during query
two_table_joins,Q058,169,1,,,,,,,,,,,,,,2013 (HY000): Lost connection to MySQL server during query
two_table_joins,Q059,170,1,,,,,,,,,,,,,,2013 (HY000): Lost connection to MySQL server during query
two_table_joins,Q060,171,1,,,,,,,,,,,,,,2013 (HY000): Lost connection to MySQL server during query
two_table_joins,Q061,172,1,,,,,,,,,,,,,,2013 (HY000): Lost connection to MySQL server during query
two_table_joins,Q062,173,1,,,,,,,,,,,,,,2013 (HY000): Lost connection to MySQL server during query
two_table_joins,Q063,174,1,,,,,,,,,,,,,,2013 (HY000): Lost connection to MySQL server during query
two_table_joins,Q064,175,1,,,,,,,,,,,,,,2013 (HY000): Lost connection to MySQL server during query
two_table_joins,Q065,176,1,,,,,,,,,,,,,,2013 (HY000): Lost connection to MySQL server during query
two_table_joins,Q066,177,1,,,,,,,,,,,,,,2013 (HY000): Lost connection to MySQL server during query
two_table_joins,Q067,178,1,,,,,,,,,,,,,,2013 (HY000): Lost connection to MySQL server during query
two_table_joins,Q068,179,1,,,,,,,,,,,,,,2013 (HY000): Lost connection to MySQL server during query
two_table_joins,Q069,180,1,,,,,,,,,,,,,,2013 (HY000): Lost connection to MySQL server during query
two_table_joins,Q070,181,1,,,,,,,,,,,,,,2013 (HY000): Lost connection to MySQL server during query
two_table_joins,Q071,182,1,,,,,,,,,,,,,,2013 (HY000): Lost connection to MySQL server during query
two_table_joins,Q072,183,1,,,,,,,,,,,,,,2013 (HY000): Lost connection to MySQL server during query
two_table_joins,Q073,184,1,,,,,,,,,,,,,,2013 (HY000): Lost connection to MySQL server during query
two_table_joins,Q074,185,1,,,,,,,,,,,,,,2013 (HY000): Lost connection to MySQL server during query
two_table_joins,Q075,186,1,,,,,,,,,,,,,,2013 (HY000): Lost connection to MySQL server during query
two_table_joins,Q076,187,1,,,,,,,,,,,,,,2013 (HY000): Lost connection to MySQL server during query
two_table_joins,Q077,188,1,,,,,,,,,,,,,,2013 (HY000): Lost connection to MySQL server during query
two_table_joins,Q078,189,1,,,,,,,,,,,,,,2013 (HY000): Lost connection to MySQL server during query
two_table_joins,Q079,190,1,,,,,,,,,,,,,,2013 (HY000): Lost connection to MySQL server during query
two_table_joins,Q080,191,1,,,,,,,,,,,,,,2013 (HY000): Lost connection to MySQL server during query
two_table_joins,Q081,192,1,,,,,,,,,,,,,,2013 (HY000): Lost connection to MySQL server during query
two_table_joins,Q082,193,1,,,,,,,,,,,,,,2013 (HY000): Lost connection to MySQL server during query
two_table_joins,Q083,194,1,,,,,,,,,,,,,,2013 (HY000): Lost connection to MySQL server during query
two_table_joins,Q084,195,1,,,,,,,,,,,,,,2013 (HY000): Lost connection to MySQL server during query
two_table_joins,Q085,196,1,,,,,,,,,,,,,,2013 (HY000): Lost connection to MySQL server during query
two_table_joins,Q086,197,1,,,,,,,,,,,,,,2013 (HY000): Lost connection to MySQL server during query
two_table_joins,Q087,198,1,,,,,,,,,,,,,,2013 (HY000): Lost connection to MySQL server during query
two_table_joins,Q088,199,1,,,,,,,,,,,,,,2013 (HY000): Lost connection to MySQL server during query
two_table_joins,Q089,200,1,,,,,,,,,,,,,,2013 (HY000): Lost connection to MySQL server during query
two_table_joins,Q090,201,1,,,,,,,,,,,,,,2013 (HY000): Lost connection to MySQL server during query
two_table_joins,Q091,202,1,,,,,,,,,,,,,,2013 (HY000): Lost connection to MySQL server during query
two_table_joins,Q092,203,1,,,,,,,,,,,,,,2013 (HY000): Lost connection to MySQL server during query
two_table_joins,Q093,204,1,,,,,,,,,,,,,,2013 (HY000): Lost connection to MySQL server during query
two_table_joins,Q094,205,1,,,,,,,,,,,,,,2013 (HY000): Lost connection to MySQL server during query
two_table_joins,Q095,206,1,,,,,,,,,,,,,,2013 (HY000): Lost connection to MySQL server during query
two_table_joins,Q096,207,1,,,,,,,,,,,,,,2013 (HY000): Lost connection to MySQL server during query
two_table_joins,Q097,208,1,,,,,,,,,,,,,,2013 (HY000): Lost connection to MySQL server during query
two_table_joins,Q098,209,1,,,,,,,,,,,,,,2013 (HY000): Lost connection to MySQL server during query
two_table_joins,Q099,210,1,,,,,,,,,,,,,,2013 (HY000): Lost connection to MySQL server during query
two_table_joins,Q100,211,1,,,,,,,,,,,,,,2013 (HY000): Lost connection to MySQL server during query
two_table_joins,Q101,212,1,,,,,,,,,,,,,,2013 (HY000): Lost connection to MySQL server during query
two_table_joins,Q102,213,1,,,,,,,,,,,,,,2013 (HY000): Lost connection to MySQL server during query
two_table_joins,Q103,214,1,,,,,,,,,,,,,,2013 (HY000): Lost connection to MySQL server during query
two_table_joins,Q104,215,1,,,,,,,,,,,,,,2013 (HY000): Lost connection to MySQL server during query
two_table_joins,Q105,216,1,,,,,,,,,,,,,,2013 (HY000): Lost connection to MySQL server during query
two_table_joins,Q106,217,1,,,,,,,,,,,,,,2013 (HY000): Lost connection to MySQL server during query
two_table_joins,Q107,218,1,,,,,,,,,,,,,,2013 (HY000): Lost connection to MySQL server during query
two_table_joins,Q108,219,1,,,,,,,,,,,,,,2013 (HY000): Lost connection to MySQL server during query
two_table_joins,Q109,220,1,,,,,,,,,,,,,,2013 (HY000): Lost connection to MySQL server during query
two_table_joins,Q110,221,1,,,,,,,,,,,,,,2013 (HY000): Lost connection to MySQL server during query
two_table_joins,Q111,222,1,,,,,,,,,,,,,,2013 (HY000): Lost connection to MySQL server during query
two_table_joins,Q112,223,1,,,,,,,,,,,,,,2013 (HY000): Lost connection to MySQL server during query
two_table_joins,Q113,224,1,,,,,,,,,,,,,,2013 (HY000): Lost connection to MySQL server during query
two_table_joins,Q114,225,1,,,,,,,,,,,,,,2013 (HY000): Lost connection to MySQL server during query
two_table_joins,Q115,226,1,,,,,,,,,,,,,,2013 (HY000): Lost connection to MySQL server during query
two_table_joins,Q116,227,1,,,,,,,,,,,,,,2013 (HY000): Lost connection to MySQL server during query
two_table_joins,Q117,228,1,,,,,,,,,,,,,,2013 (HY000): Lost connection to MySQL server during query
two_table_joins,Q118,229,1,,,,,,,,,,,,,,2013 (HY000): Lost connection to MySQL server during query
two_table_joins,Q119,230,1,,,,,,,,,,,,,,2013 (HY000): Lost connection to MySQL server during query
two_table_joins,Q120,231,1,,,,,,,,,,,,,,2013 (HY000): Lost connection to MySQL server during query
two_table_joins,Q121,232,1,,,,,,,,,,,,,,2013 (HY000): Lost connection to MySQL server during query
two_table_joins,Q122,233,1,,,,,,,,,,,,,,2013 (HY000): Lost connection to MySQL server during query
two_table_joins,Q123,234,1,,,,,,,,,,,,,,2013 (HY000): Lost connection to MySQL server during query
two_table_joins,Q124,235,1,,,,,,,,,,,,,,2013 (HY000): Lost connection to MySQL server during query
two_table_joins,Q125,236,1,,,,,,,,,,,,,,2013 (HY000): Lost connection to MySQL server during query
two_table_joins,Q126,237,1,,,,,,,,,,,,,,2013 (HY000): Lost connection to MySQL server during query
two_table_joins,Q127,238,1,,,,,,,,,,,,,,2013 (HY000): Lost connection to MySQL server during query
two_table_joins,Q128,239,1,,,,,,,,,,,,,,2013 (HY000): Lost connection to MySQL server during query
two_table_joins,Q129,240,1,,,,,,,,,,,,,,2013 (HY000): Lost connection to MySQL server during query
two_table_joins,Q130,241,1,,,,,,,,,,,,,,2013 (HY000): Lost connection to MySQL server during query
two_table_joins,Q131,242,1,,,,,,,,,,,,,,2013 (HY000): Lost connection to MySQL server during query
two_table_joins,Q132,243,1,,,,,,,,,,,,,,2013 (HY000): Lost connection to MySQL server during query
two_table_joins,Q133,244,1,,,,,,,,,,,,,,2013 (HY000): Lost connection to MySQL server during query
two_table_joins,Q134,245,1,,,,,,,,,,,,,,2013 (HY000): Lost connection to MySQL server during query
two_table_joins,Q135,246,1,,,,,,,,,,,,,,2013 (HY000): Lost connection to MySQL server during query
two_table_joins,Q136,247,1,,,,,,,,,,,,,,2013 (HY000): Lost connection to MySQL server during query
two_table_joins,Q137,248,1,,,,,,,,,,,,,,2013 (HY000): Lost connection to MySQL server during query
two_table_joins,Q138,249,1,,,,,,,,,,,,,,2013 (HY000): Lost connection to MySQL server during query
two_table_joins,Q139,250,1,,,,,,,,,,,,,,2013 (HY000): Lost connection to MySQL server during query
two_table_joins,Q140,251,1,,,,,,,,,,,,,,2013 (HY000): Lost connection to MySQL server during query
two_table_joins,Q141,252,1,,,,,,,,,,,,,,2013 (HY000): Lost connection to MySQL server during query
two_table_joins,Q142,253,1,,,,,,,,,,,,,,2013 (HY000): Lost connection to MySQL server during query
two_table_joins,Q143,254,1,,,,,,,,,,,,,,2013 (HY000): Lost connection to MySQL server during query
two_table_joins,Q144,255,1,,,,,,,,,,,,,,2013 (HY000): Lost connection to MySQL server during query
two_table_joins,Q145,256,1,,,,,,,,,,,,,,2013 (HY000): Lost connection to MySQL server during query
two_table_joins,Q146,257,1,,,,,,,,,,,,,,2013 (HY000): Lost connection to MySQL server during query
two_table_joins,Q147,258,1,,,,,,,,,,,,,,2013 (HY000): Lost connection to MySQL server during query
two_table_joins,Q148,259,1,,,,,,,,,,,,,,2013 (HY000): Lost connection to MySQL server during query
two_table_joins,Q149,260,1,,,,,,,,,,,,,,2013 (HY000): Lost connection to MySQL server during query
two_table_joins,Q150,261,1,,,,,,,,,,,,,,2013 (HY000): Lost connection to MySQL server during query
two_table_joins,Q151,262,1,,,,,,,,,,,,,,2013 (HY000): Lost connection to MySQL server during query
two_table_joins,Q152,263,1,,,,,,,,,,,,,,2013 (HY000): Lost connection to MySQL server during query
two_table_joins,Q153,264,1,,,,,,,,,,,,,,2013 (HY000): Lost connection to MySQL server during query
two_table_joins,Q154,265,1,,,,,,,,,,,,,,2013 (HY000): Lost connection to MySQL server during query
two_table_joins,Q155,266,1,,,,,,,,,,,,,,2013 (HY000): Lost connection to MySQL server during query
two_table_joins,Q156,267,1,,,,,,,,,,,,,,2013 (HY000): Lost connection to MySQL server during query
two_table_joins,Q157,268,1,,,,,,,,,,,,,,2013 (HY000): Lost connection to MySQL server during query
two_table_joins,Q158,269,1,,,,,,,,,,,,,,2013 (HY000): Lost connection to MySQL server during query
two_table_joins,Q159,270,1,,,,,,,,,,,,,,2013 (HY000): Lost connection to MySQL server during query
two_table_joins,Q160,271,1,,,,,,,,,,,,,,2013 (HY000): Lost connection to MySQL server during query
two_table_joins,Q161,272,1,,,,,,,,,,,,,,2013 (HY000): Lost connection to MySQL server during query
two_table_joins,Q162,273,1,,,,,,,,,,,,,,2013 (HY000): Lost connection to MySQL server during query
two_table_joins,Q163,274,1,,,,,,,,,,,,,,2013 (HY000): Lost connection to MySQL server during query
two_table_joins,Q164,275,1,,,,,,,,,,,,,,2013 (HY000): Lost connection to MySQL server during query
two_table_joins,Q165,276,1,,,,,,,,,,,,,,2013 (HY000): Lost connection to MySQL server during query
two_table_joins,Q166,277,1,,,,,,,,,,,,,,2013 (HY000): Lost connection to MySQL server during query
two_table_joins,Q167,278,1,,,,,,,,,,,,,,2013 (HY000): Lost connection to MySQL server during query
two_table_joins,Q168,279,1,,,,,,,,,,,,,,2013 (HY000): Lost connection to MySQL server during query
two_table_joins,Q169,280,1,,,,,,,,,,,,,,2013 (HY000): Lost connection to MySQL server during query
two_table_joins,Q170,281,1,,,,,,,,,,,,,,2013 (HY000): Lost connection to MySQL server during query
two_table_joins,Q171,282,1,,,,,,,,,,,,,,2013 (HY000): Lost connection to MySQL server during query
two_table_joins,Q172,283,1,,,,,,,,,,,,,,2013 (HY000): Lost connection to MySQL server during query
two_table_joins,Q173,284,1,,,,,,,,,,,,,,2013 (HY000): Lost connection to MySQL server during query
two_table_joins,Q174,285,1,,,,,,,,,,,,,,2013 (HY000): Lost connection to MySQL server during query
two_table_joins,Q175,286,1,,,,,,,,,,,,,,2013 (HY000): Lost connection to MySQL server during query
two_table_joins,Q176,287,1,,,,,,,,,,,,,,2013 (HY000): Lost connection to MySQL server during query
two_table_joins,Q177,288,1,,,,,,,,,,,,,,2013 (HY000): Lost connection to MySQL server during query
two_table_joins,Q178,289,1,,,,,,,,,,,,,,2013 (HY000): Lost connection to MySQL server during query
two_table_joins,Q179,290,1,,,,,,,,,,,,,,2013 (HY000): Lost connection to MySQL server during query
two_table_joins,Q180,291,1,,,,,,,,,,,,,,2013 (HY000): Lost connection to MySQL server during query
two_table_joins,Q181,292,1,,,,,,,,,,,,,,2013 (HY000): Lost connection to MySQL server during query
two_table_joins,Q182,293,1,,,,,,,,,,,,,,2013 (HY000): Lost connection to MySQL server during query
two_table_joins,Q183,294,1,,,,,,,,,,,,,,2013 (HY000): Lost connection to MySQL server during query
two_table_joins,Q184,295,1,,,,,,,,,,,,,,2013 (HY000): Lost connection to MySQL server during query
two_table_joins,Q185,296,1,,,,,,,,,,,,,,2013 (HY000): Lost connection to MySQL server during query
two_table_joins,Q186,297,1,,,,,,,,,,,,,,2013 (HY000): Lost connection to MySQL server during query
two_table_joins,Q187,298,1,,,,,,,,,,,,,,2013 (HY000): Lost connection to MySQL server during query
two_table_joins,Q188,299,1,,,,,,,,,,,,,,2013 (HY000): Lost connection to MySQL server during query
two_table_joins,Q189,300,1,,,,,,,,,,,,,,2013 (HY000): Lost connection to MySQL server during query
two_table_joins,Q190,301,1,,,,,,,,,,,,,,2013 (HY000): Lost connection to MySQL server during query
two_table_joins,Q191,302,1,,,,,,,,,,,,,,2013 (HY000): Lost connection to MySQL server during query
two_table_joins,Q192,303,1,,,,,,,,,,,,,,2013 (HY000): Lost connection to MySQL server during query
two_table_joins,Q193,304,1,,,,,,,,,,,,,,2013 (HY000): Lost connection to MySQL server during query
two_table_joins,Q194,305,1,,,,,,,,,,,,,,2013 (HY000): Lost connection to MySQL server during query
two_table_joins,Q195,306,1,,,,,,,,,,,,,,2013 (HY000): Lost connection to MySQL server during query
two_table_joins,Q196,307,1,,,,,,,,,,,,,,2013 (HY000): Lost connection to MySQL server during query
two_table_joins,Q197,308,1,,,,,,,,,,,,,,2013 (HY000): Lost connection to MySQL server during query
two_table_joins,Q198,309,1,,,,,,,,,,,,,,2013 (HY000): Lost connection to MySQL server during query
two_table_joins,Q199,310,1,,,,,,,,,,,,,,2013 (HY000): Lost connection to MySQL server during query
two_table_joins,Q200,311,1,,,,,,,,,,,,,,2013 (HY000): Lost connection to MySQL server during query
three_table_joins,Q001,312,1,,,,,,,,,,,,,,2013 (HY000): Lost connection to MySQL server during query
three_table_joins,Q002,313,1,,,,,,,,,,,,,,2013 (HY000): Lost connection to MySQL server during query
three_table_joins,Q003,314,1,,,,,,,,,,,,,,2013 (HY000): Lost connection to MySQL server during query
three_table_joins,Q004,315,1,,,,,,,,,,,,,,2013 (HY000): Lost connection to MySQL server during query
three_table_joins,Q005,316,1,,,,,,,,,,,,,,2013 (HY000): Lost connection to MySQL server during query
three_table_joins,Q006,317,1,,,,,,,,,,,,,,2013 (HY000): Lost connection to MySQL server during query
three_table_joins,Q007,318,1,,,,,,,,,,,,,,2013 (HY000): Lost connection to MySQL server during query
three_table_joins,Q008,319,1,,,,,,,,,,,,,,2013 (HY000): Lost connection to MySQL server during query
three_table_joins,Q009,320,1,,,,,,,,,,,,,,2013 (HY000): Lost connection to MySQL server during query
three_table_joins,Q010,321,1,,,,,,,,,,,,,,2013 (HY000): Lost connection to MySQL server during query
three_table_joins,Q011,322,1,,,,,,,,,,,,,,2013 (HY000): Lost connection to MySQL server during query
three_table_joins,Q012,323,1,,,,,,,,,,,,,,2013 (HY000): Lost connection to MySQL server during query
three_table_joins,Q013,324,1,,,,,,,,,,,,,,2013 (HY000): Lost connection to MySQL server during query
three_table_joins,Q014,325,1,,,,,,,,,,,,,,2013 (HY000): Lost connection to MySQL server during query
three_table_joins,Q015,326,1,,,,,,,,,,,,,,2013 (HY000): Lost connection to MySQL server during query
three_table_joins,Q016,327,1,,,,,,,,,,,,,,2013 (HY000): Lost connection to MySQL server during query
three_table_joins,Q017,328,1,,,,,,,,,,,,,,2013 (HY000): Lost connection to MySQL server during query
three_table_joins,Q018,329,1,,,,,,,,,,,,,,2013 (HY000): Lost connection to MySQL server during query
three_table_joins,Q019,330,1,,,,,,,,,,,,,,2013 (HY000): Lost connection to MySQL server during query
three_table_joins,Q020,331,1,,,,,,,,,,,,,,2013 (HY000): Lost connection to MySQL server during query
three_table_joins,Q021,332,1,,,,,,,,,,,,,,2013 (HY000): Lost connection to MySQL server during query
three_table_joins,Q022,333,1,,,,,,,,,,,,,,2013 (HY000): Lost connection to MySQL server during query
three_table_joins,Q023,334,1,,,,,,,,,,,,,,2013 (HY000): Lost connection to MySQL server during query
three_table_joins,Q024,335,1,,,,,,,,,,,,,,2013 (HY000): Lost connection to MySQL server during query
three_table_joins,Q025,336,1,,,,,,,,,,,,,,2013 (HY000): Lost connection to MySQL server during query
three_table_joins,Q026,337,1,,,,,,,,,,,,,,2013 (HY000): Lost connection to MySQL server during query
three_table_joins,Q027,338,1,,,,,,,,,,,,,,2013 (HY000): Lost connection to MySQL server during query
three_table_joins,Q028,339,1,,,,,,,,,,,,,,2013 (HY000): Lost connection to MySQL server during query
three_table_joins,Q029,340,1,,,,,,,,,,,,,,2013 (HY000): Lost connection to MySQL server during query
three_table_joins,Q030,341,1,,,,,,,,,,,,,,2013 (HY000): Lost connection to MySQL server during query
three_table_joins,Q031,342,1,,,,,,,,,,,,,,2013 (HY000): Lost connection to MySQL server during query
three_table_joins,Q032,343,1,,,,,,,,,,,,,,2013 (HY000): Lost connection to MySQL server during query
three_table_joins,Q033,344,1,,,,,,,,,,,,,,2013 (HY000): Lost connection to MySQL server during query
three_table_joins,Q034,345,1,,,,,,,,,,,,,,2013 (HY000): Lost connection to MySQL server during query
three_table_joins,Q035,346,1,,,,,,,,,,,,,,2013 (HY000): Lost connection to MySQL server during query
three_table_joins,Q036,347,1,,,,,,,,,,,,,,2013 (HY000): Lost connection to MySQL server during query
three_table_joins,Q037,348,1,,,,,,,,,,,,,,2013 (HY000): Lost connection to MySQL server during query
three_table_joins,Q038,349,1,,,,,,,,,,,,,,2013 (HY000): Lost connection to MySQL server during query
three_table_joins,Q039,350,1,,,,,,,,,,,,,,2013 (HY000): Lost connection to MySQL server during query
three_table_joins,Q040,351,1,,,,,,,,,,,,,,2013 (HY000): Lost connection to MySQL server during query
three_table_joins,Q041,352,1,,,,,,,,,,,,,,2013 (HY000): Lost connection to MySQL server during query
three_table_joins,Q042,353,1,,,,,,,,,,,,,,2013 (HY000): Lost connection to MySQL server during query
three_table_joins,Q043,354,1,,,,,,,,,,,,,,2013 (HY000): Lost connection to MySQL server during query
three_table_joins,Q044,355,1,,,,,,,,,,,,,,2013 (HY000): Lost connection to MySQL server during query
three_table_joins,Q045,356,1,,,,,,,,,,,,,,2013 (HY000): Lost connection to MySQL server during query
three_table_joins,Q046,357,1,,,,,,,,,,,,,,2013 (HY000): Lost connection to MySQL server during query
three_table_joins,Q047,358,1,,,,,,,,,,,,,,2013 (HY000): Lost connection to MySQL server during query
three_table_joins,Q048,359,1,,,,,,,,,,,,,,2013 (HY000): Lost connection to MySQL server during query
three_table_joins,Q049,360,1,,,,,,,,,,,,,,2013 (HY000): Lost connection to MySQL server during query
three_table_joins,Q050,361,1,,,,,,,,,,,,,,2013 (HY000): Lost connection to MySQL server during query
three_table_joins,Q051,362,1,,,,,,,,,,,,,,2013 (HY000): Lost connection to MySQL server during query
three_table_joins,Q052,363,1,,,,,,,,,,,,,,2013 (HY000): Lost connection to MySQL server during query
three_table_joins,Q053,364,1,,,,,,,,,,,,,,2013 (HY000): Lost connection to MySQL server during query
three_table_joins,Q054,365,1,,,,,,,,,,,,,,2013 (HY000): Lost connection to MySQL server during query
three_table_joins,Q055,366,1,,,,,,,,,,,,,,2013 (HY000): Lost connection to MySQL server during query
three_table_joins,Q056,367,1,,,,,,,,,,,,,,2013 (HY000): Lost connection to MySQL server during query
three_table_joins,Q057,368,1,,,,,,,,,,,,,,2013 (HY000): Lost connection to MySQL server during query
three_table_joins,Q058,369,1,,,,,,,,,,,,,,2013 (HY000): Lost connection to MySQL server during query
three_table_joins,Q059,370,1,,,,,,,,,,,,,,2013 (HY000): Lost connection to MySQL server during query
three_table_joins,Q060,371,1,,,,,,,,,,,,,,2013 (HY000): Lost connection to MySQL server during query
three_table_joins,Q061,372,1,,,,,,,,,,,,,,2013 (HY000): Lost connection to MySQL server during query
three_table_joins,Q062,373,1,,,,,,,,,,,,,,2013 (HY000): Lost connection to MySQL server during query
three_table_joins,Q063,374,1,,,,,,,,,,,,,,2013 (HY000): Lost connection to MySQL server during query
three_table_joins,Q064,375,1,,,,,,,,,,,,,,2013 (HY000): Lost connection to MySQL server during query
three_table_joins,Q065,376,1,,,,,,,,,,,,,,2013 (HY000): Lost connection to MySQL server during query
three_table_joins,Q066,377,1,,,,,,,,,,,,,,2013 (HY000): Lost connection to MySQL server during query
three_table_joins,Q067,378,1,,,,,,,,,,,,,,2013 (HY000): Lost connection to MySQL server during query
three_table_joins,Q068,379,1,,,,,,,,,,,,,,2013 (HY000): Lost connection to MySQL server during query
three_table_joins,Q069,380,1,,,,,,,,,,,,,,2013 (HY000): Lost connection to MySQL server during query
three_table_joins,Q070,381,1,,,,,,,,,,,,,,2013 (HY000): Lost connection to MySQL server during query
three_table_joins,Q071,382,1,,,,,,,,,,,,,,2013 (HY000): Lost connection to MySQL server during query
three_table_joins,Q072,383,1,,,,,,,,,,,,,,2013 (HY000): Lost connection to MySQL server during query
three_table_joins,Q073,384,1,,,,,,,,,,,,,,2013 (HY000): Lost connection to MySQL server during query
three_table_joins,Q074,385,1,,,,,,,,,,,,,,2013 (HY000): Lost connection to MySQL server during query
three_table_joins,Q075,386,1,,,,,,,,,,,,,,2013 (HY000): Lost connection to MySQL server during query
three_table_joins,Q076,387,1,,,,,,,,,,,,,,2013 (HY000): Lost connection to MySQL server during query
three_table_joins,Q077,388,1,,,,,,,,,,,,,,2013 (HY000): Lost connection to MySQL server during query
three_table_joins,Q078,389,1,,,,,,,,,,,,,,2013 (HY000): Lost connection to MySQL server during query
three_table_joins,Q079,390,1,,,,,,,,,,,,,,2013 (HY000): Lost connection to MySQL server during query
three_table_joins,Q080,391,1,,,,,,,,,,,,,,2013 (HY000): Lost connection to MySQL server during query
three_table_joins,Q081,392,1,,,,,,,,,,,,,,2013 (HY000): Lost connection to MySQL server during query
three_table_joins,Q082,393,1,,,,,,,,,,,,,,2013 (HY000): Lost connection to MySQL server during query
three_table_joins,Q083,394,1,,,,,,,,,,,,,,2013 (HY000): Lost connection to MySQL server during query
three_table_joins,Q084,395,1,,,,,,,,,,,,,,2013 (HY000): Lost connection to MySQL server during query
three_table_joins,Q085,396,1,,,,,,,,,,,,,,2013 (HY000): Lost connection to MySQL server during query
three_table_joins,Q086,397,1,,,,,,,,,,,,,,2013 (HY000): Lost connection to MySQL server during query
three_table_joins,Q087,398,1,,,,,,,,,,,,,,2013 (HY000): Lost connection to MySQL server during query
three_table_joins,Q088,399,1,,,,,,,,,,,,,,2013 (HY000): Lost connection to MySQL server during query
three_table_joins,Q089,400,1,,,,,,,,,,,,,,2013 (HY000): Lost connection to MySQL server during query
three_table_joins,Q090,401,1,,,,,,,,,,,,,,2013 (HY000): Lost connection to MySQL server during query
three_table_joins,Q091,402,1,,,,,,,,,,,,,,2013 (HY000): Lost connection to MySQL server during query
three_table_joins,Q092,403,1,,,,,,,,,,,,,,2013 (HY000): Lost connection to MySQL server during query
three_table_joins,Q093,404,1,,,,,,,,,,,,,,2013 (HY000): Lost connection to MySQL server during query
three_table_joins,Q094,405,1,,,,,,,,,,,,,,2013 (HY000): Lost connection to MySQL server during query
three_table_joins,Q095,406,1,,,,,,,,,,,,,,2013 (HY000): Lost connection to MySQL server during query
three_table_joins,Q096,407,1,,,,,,,,,,,,,,2013 (HY000): Lost connection to MySQL server during query
three_table_joins,Q097,408,1,,,,,,,,,,,,,,2013 (HY000): Lost connection to MySQL server during query
three_table_joins,Q098,409,1,,,,,,,,,,,,,,2013 (HY000): Lost connection to MySQL server during query
three_table_joins,Q099,410,1,,,,,,,,,,,,,,2013 (HY000): Lost connection to MySQL server during query
three_table_joins,Q100,411,1,,,,,,,,,,,,,,2013 (HY000): Lost connection to MySQL server during query
three_table_joins,Q101,412,1,,,,,,,,,,,,,,2013 (HY000): Lost connection to MySQL server during query
three_table_joins,Q102,413,1,,,,,,,,,,,,,,2013 (HY000): Lost connection to MySQL server during query
three_table_joins,Q103,414,1,,,,,,,,,,,,,,2013 (HY000): Lost connection to MySQL server during query
three_table_joins,Q104,415,1,,,,,,,,,,,,,,2013 (HY000): Lost connection to MySQL server during query
three_table_joins,Q105,416,1,,,,,,,,,,,,,,2013 (HY000): Lost connection to MySQL server during query
three_table_joins,Q106,417,1,,,,,,,,,,,,,,2013 (HY000): Lost connection to MySQL server during query
three_table_joins,Q107,418,1,,,,,,,,,,,,,,2013 (HY000): Lost connection to MySQL server during query
three_table_joins,Q108,419,1,,,,,,,,,,,,,,2013 (HY000): Lost connection to MySQL server during query
three_table_joins,Q109,420,1,,,,,,,,,,,,,,2013 (HY000): Lost connection to MySQL server during query
three_table_joins,Q110,421,1,,,,,,,,,,,,,,2013 (HY000): Lost connection to MySQL server during query
three_table_joins,Q111,422,1,,,,,,,,,,,,,,2013 (HY000): Lost connection to MySQL server during query
three_table_joins,Q112,423,1,,,,,,,,,,,,,,2013 (HY000): Lost connection to MySQL server during query
three_table_joins,Q113,424,1,,,,,,,,,,,,,,2013 (HY000): Lost connection to MySQL server during query
three_table_joins,Q114,425,1,,,,,,,,,,,,,,2013 (HY000): Lost connection to MySQL server during query
three_table_joins,Q115,426,1,,,,,,,,,,,,,,2013 (HY000): Lost connection to MySQL server during query
three_table_joins,Q116,427,1,,,,,,,,,,,,,,2013 (HY000): Lost connection to MySQL server during query
three_table_joins,Q117,428,1,,,,,,,,,,,,,,2013 (HY000): Lost connection to MySQL server during query
three_table_joins,Q118,429,1,,,,,,,,,,,,,,2013 (HY000): Lost connection to MySQL server during query
three_table_joins,Q119,430,1,,,,,,,,,,,,,,2013 (HY000): Lost connection to MySQL server during query
three_table_joins,Q120,431,1,,,,,,,,,,,,,,2013 (HY000): Lost connection to MySQL server during query
three_table_joins,Q121,432,1,,,,,,,,,,,,,,2013 (HY000): Lost connection to MySQL server during query
three_table_joins,Q122,433,1,,,,,,,,,,,,,,2013 (HY000): Lost connection to MySQL server during query
three_table_joins,Q123,434,1,,,,,,,,,,,,,,2013 (HY000): Lost connection to MySQL server during query
three_table_joins,Q124,435,1,,,,,,,,,,,,,,2013 (HY000): Lost connection to MySQL server during query
three_table_joins,Q125,436,1,,,,,,,,,,,,,,2013 (HY000): Lost connection to MySQL server during query
three_table_joins,Q126,437,1,,,,,,,,,,,,,,2013 (HY000): Lost connection to MySQL server during query
three_table_joins,Q127,438,1,,,,,,,,,,,,,,2013 (HY000): Lost connection to MySQL server during query
three_table_joins,Q128,439,1,,,,,,,,,,,,,,2013 (HY000): Lost connection to MySQL server during query
three_table_joins,Q129,440,1,,,,,,,,,,,,,,2013 (HY000): Lost connection to MySQL server during query
three_table_joins,Q130,441,1,,,,,,,,,,,,,,2013 (HY000): Lost connection to MySQL server during query
three_table_joins,Q131,442,1,,,,,,,,,,,,,,2013 (HY000): Lost connection to MySQL server during query
three_table_joins,Q132,443,1,,,,,,,,,,,,,,2013 (HY000): Lost connection to MySQL server during query
three_table_joins,Q133,444,1,,,,,,,,,,,,,,2013 (HY000): Lost connection to MySQL server during query
three_table_joins,Q134,445,1,,,,,,,,,,,,,,2013 (HY000): Lost connection to MySQL server during query
three_table_joins,Q135,446,1,,,,,,,,,,,,,,2013 (HY000): Lost connection to MySQL server during query
three_table_joins,Q136,447,1,,,,,,,,,,,,,,2013 (HY000): Lost connection to MySQL server during query
three_table_joins,Q137,448,1,,,,,,,,,,,,,,2013 (HY000): Lost connection to MySQL server during query
three_table_joins,Q138,449,1,,,,,,,,,,,,,,2013 (HY000): Lost connection to MySQL server during query
three_table_joins,Q139,450,1,,,,,,,,,,,,,,2013 (HY000): Lost connection to MySQL server during query
three_table_joins,Q140,451,1,,,,,,,,,,,,,,2013 (HY000): Lost connection to MySQL server during query
three_table_joins,Q141,452,1,,,,,,,,,,,,,,2013 (HY000): Lost connection to MySQL server during query
three_table_joins,Q142,453,1,,,,,,,,,,,,,,2013 (HY000): Lost connection to MySQL server during query
three_table_joins,Q143,454,1,,,,,,,,,,,,,,2013 (HY000): Lost connection to MySQL server during query
three_table_joins,Q144,455,1,,,,,,,,,,,,,,2013 (HY000): Lost connection to MySQL server during query
three_table_joins,Q145,456,1,,,,,,,,,,,,,,2013 (HY000): Lost connection to MySQL server during query
three_table_joins,Q146,457,1,,,,,,,,,,,,,,2013 (HY000): Lost connection to MySQL server during query
three_table_joins,Q147,458,1,,,,,,,,,,,,,,2013 (HY000): Lost connection to MySQL server during query
three_table_joins,Q148,459,1,,,,,,,,,,,,,,2013 (HY000): Lost connection to MySQL server during query
three_table_joins,Q149,460,1,,,,,,,,,,,,,,2013 (HY000): Lost connection to MySQL server during query
three_table_joins,Q150,461,1,,,,,,,,,,,,,,2013 (HY000): Lost connection to MySQL server during query
three_table_joins,Q151,462,1,,,,,,,,,,,,,,2013 (HY000): Lost connection to MySQL server during query
three_table_joins,Q152,463,1,,,,,,,,,,,,,,2013 (HY000): Lost connection to MySQL server during query
three_table_joins,Q153,464,1,,,,,,,,,,,,,,2013 (HY000): Lost connection to MySQL server during query
three_table_joins,Q154,465,1,,,,,,,,,,,,,,2013 (HY000): Lost connection to MySQL server during query
three_table_joins,Q155,466,1,,,,,,,,,,,,,,2013 (HY000): Lost connection to MySQL server during query
three_table_joins,Q156,467,1,,,,,,,,,,,,,,2013 (HY000): Lost connection to MySQL server during query
three_table_joins,Q157,468,1,,,,,,,,,,,,,,2013 (HY000): Lost connection to MySQL server during query
three_table_joins,Q158,469,1,,,,,,,,,,,,,,2013 (HY000): Lost connection to MySQL server during query
three_table_joins,Q159,470,1,,,,,,,,,,,,,,2013 (HY000): Lost connection to MySQL server during query
three_table_joins,Q160,471,1,,,,,,,,,,,,,,2013 (HY000): Lost connection to MySQL server during query
three_table_joins,Q161,472,1,,,,,,,,,,,,,,2013 (HY000): Lost connection to MySQL server during query
three_table_joins,Q162,473,1,,,,,,,,,,,,,,2013 (HY000): Lost connection to MySQL server during query
three_table_joins,Q163,474,1,,,,,,,,,,,,,,2013 (HY000): Lost connection to MySQL server during query
three_table_joins,Q164,475,1,,,,,,,,,,,,,,2013 (HY000): Lost connection to MySQL server during query
three_table_joins,Q165,476,1,,,,,,,,,,,,,,2013 (HY000): Lost connection to MySQL server during query
three_table_joins,Q166,477,1,,,,,,,,,,,,,,2013 (HY000): Lost connection to MySQL server during query
three_table_joins,Q167,478,1,,,,,,,,,,,,,,2013 (HY000): Lost connection to MySQL server during query
three_table_joins,Q168,479,1,,,,,,,,,,,,,,2013 (HY000): Lost connection to MySQL server during query
three_table_joins,Q169,480,1,,,,,,,,,,,,,,2013 (HY000): Lost connection to MySQL server during query
three_table_joins,Q170,481,1,,,,,,,,,,,,,,2013 (HY000): Lost connection to MySQL server during query
three_table_joins,Q171,482,1,,,,,,,,,,,,,,2013 (HY000): Lost connection to MySQL server during query
three_table_joins,Q172,483,1,,,,,,,,,,,,,,2013 (HY000): Lost connection to MySQL server during query
three_table_joins,Q173,484,1,,,,,,,,,,,,,,2013 (HY000): Lost connection to MySQL server during query
three_table_joins,Q174,485,1,,,,,,,,,,,,,,2013 (HY000): Lost connection to MySQL server during query
three_table_joins,Q175,486,1,,,,,,,,,,,,,,2013 (HY000): Lost connection to MySQL server during query
three_table_joins,Q176,487,1,,,,,,,,,,,,,,2013 (HY000): Lost connection to MySQL server during query
three_table_joins,Q177,488,1,,,,,,,,,,,,,,2013 (HY000): Lost connection to MySQL server during query
three_table_joins,Q178,489,1,,,,,,,,,,,,,,2013 (HY000): Lost connection to MySQL server during query
three_table_joins,Q179,490,1,,,,,,,,,,,,,,2013 (HY000): Lost connection to MySQL server during query
three_table_joins,Q180,491,1,,,,,,,,,,,,,,2013 (HY000): Lost connection to MySQL server during query
three_table_joins,Q181,492,1,,,,,,,,,,,,,,2013 (HY000): Lost connection to MySQL server during query
three_table_joins,Q182,493,1,,,,,,,,,,,,,,2013 (HY000): Lost connection to MySQL server during query
three_table_joins,Q183,494,1,,,,,,,,,,,,,,2013 (HY000): Lost connection to MySQL server during query
three_table_joins,Q184,495,1,,,,,,,,,,,,,,2013 (HY000): Lost connection to MySQL server during query
three_table_joins,Q185,496,1,,,,,,,,,,,,,,2013 (HY000): Lost connection to MySQL server during query
three_table_joins,Q186,497,1,,,,,,,,,,,,,,2013 (HY000): Lost connection to MySQL server during query
three_table_joins,Q187,498,1,,,,,,,,,,,,,,2013 (HY000): Lost connection to MySQL server during query
three_table_joins,Q188,499,1,,,,,,,,,,,,,,2013 (HY000): Lost connection to MySQL server during query
three_table_joins,Q189,500,1,,,,,,,,,,,,,,2013 (HY000): Lost connection to MySQL server during query
three_table_joins,Q190,501,1,,,,,,,,,,,,,,2013 (HY000): Lost connection to MySQL server during query
three_table_joins,Q191,502,1,,,,,,,,,,,,,,2013 (HY000): Lost connection to MySQL server during query
three_table_joins,Q192,503,1,,,,,,,,,,,,,,2013 (HY000): Lost connection to MySQL server during query
three_table_joins,Q193,504,1,,,,,,,,,,,,,,2013 (HY000): Lost connection to MySQL server during query
three_table_joins,Q194,505,1,,,,,,,,,,,,,,2013 (HY000): Lost connection to MySQL server during query
three_table_joins,Q195,506,1,,,,,,,,,,,,,,2013 (HY000): Lost connection to MySQL server during query
three_table_joins,Q196,507,1,,,,,,,,,,,,,,2013 (HY000): Lost connection to MySQL server during query
three_table_joins,Q197,508,1,,,,,,,,,,,,,,2013 (HY000): Lost connection to MySQL server during query
three_table_joins,Q198,509,1,,,,,,,,,,,,,,2013 (HY000): Lost connection to MySQL server during query
three_table_joins,Q199,510,1,,,,,,,,,,,,,,2013 (HY000): Lost connection to MySQL server during query
three_table_joins,Q200,511,1,,,,,,,,,,,,,,2013 (HY000): Lost connection to MySQL server during query
aggregation,Q001,512,1,,,,,,,,,,,,,,2013 (HY000): Lost connection to MySQL server during query
aggregation,Q002,513,1,,,,,,,,,,,,,,2013 (HY000): Lost connection to MySQL server during query
aggregation,Q003,514,1,,,,,,,,,,,,,,2013 (HY000): Lost connection to MySQL server during query
aggregation,Q004,515,1,,,,,,,,,,,,,,2013 (HY000): Lost connection to MySQL server during query
aggregation,Q005,516,1,,,,,,,,,,,,,,2013 (HY000): Lost connection to MySQL server during query
aggregation,Q006,517,1,,,,,,,,,,,,,,2013 (HY000): Lost connection to MySQL server during query
aggregation,Q007,518,1,,,,,,,,,,,,,,2013 (HY000): Lost connection to MySQL server during query
aggregation,Q008,519,1,,,,,,,,,,,,,,2013 (HY000): Lost connection to MySQL server during query
aggregation,Q009,520,1,,,,,,,,,,,,,,2013 (HY000): Lost connection to MySQL server during query
aggregation,Q010,521,1,,,,,,,,,,,,,,2013 (HY000): Lost connection to MySQL server during query
aggregation,Q011,522,1,,,,,,,,,,,,,,2013 (HY000): Lost connection to MySQL server during query
aggregation,Q012,523,1,,,,,,,,,,,,,,2013 (HY000): Lost connection to MySQL server during query
aggregation,Q013,524,1,,,,,,,,,,,,,,2013 (HY000): Lost connection to MySQL server during query
aggregation,Q014,525,1,,,,,,,,,,,,,,2013 (HY000): Lost connection to MySQL server during query
aggregation,Q015,526,1,,,,,,,,,,,,,,2013 (HY000): Lost connection to MySQL server during query
aggregation,Q016,527,1,,,,,,,,,,,,,,2013 (HY000): Lost connection to MySQL server during query
aggregation,Q017,528,1,,,,,,,,,,,,,,2013 (HY000): Lost connection to MySQL server during query
aggregation,Q018,529,1,,,,,,,,,,,,,,2013 (HY000): Lost connection to MySQL server during query
aggregation,Q019,530,1,,,,,,,,,,,,,,2013 (HY000): Lost connection to MySQL server during query
aggregation,Q020,531,1,,,,,,,,,,,,,,2013 (HY000): Lost connection to MySQL server during query
aggregation,Q021,532,1,,,,,,,,,,,,,,2013 (HY000): Lost connection to MySQL server during query
aggregation,Q022,533,1,,,,,,,,,,,,,,2013 (HY000): Lost connection to MySQL server during query
aggregation,Q023,534,1,,,,,,,,,,,,,,2013 (HY000): Lost connection to MySQL server during query
aggregation,Q024,535,1,,,,,,,,,,,,,,2013 (HY000): Lost connection to MySQL server during query
aggregation,Q025,536,1,,,,,,,,,,,,,,2013 (HY000): Lost connection to MySQL server during query
aggregation,Q026,537,1,,,,,,,,,,,,,,2013 (HY000): Lost connection to MySQL server during query
aggregation,Q027,538,1,,,,,,,,,,,,,,2013 (HY000): Lost connection to MySQL server during query
aggregation,Q028,539,1,,,,,,,,,,,,,,2013 (HY000): Lost connection to MySQL server during query
aggregation,Q029,540,1,,,,,,,,,,,,,,2013 (HY000): Lost connection to MySQL server during query
aggregation,Q030,541,1,,,,,,,,,,,,,,2013 (HY000): Lost connection to MySQL server during query
aggregation,Q031,542,1,,,,,,,,,,,,,,2013 (HY000): Lost connection to MySQL server during query
aggregation,Q032,543,1,,,,,,,,,,,,,,2013 (HY000): Lost connection to MySQL server during query
aggregation,Q033,544,1,,,,,,,,,,,,,,2013 (HY000): Lost connection to MySQL server during query
aggregation,Q034,545,1,,,,,,,,,,,,,,2013 (HY000): Lost connection to MySQL server during query
aggregation,Q035,546,1,,,,,,,,,,,,,,2013 (HY000): Lost connection to MySQL server during query
aggregation,Q036,547,1,,,,,,,,,,,,,,2013 (HY000): Lost connection to MySQL server during query
aggregation,Q037,548,1,,,,,,,,,,,,,,2013 (HY000): Lost connection to MySQL server during query
aggregation,Q038,549,1,,,,,,,,,,,,,,2013 (HY000): Lost connection to MySQL server during query
aggregation,Q039,550,1,,,,,,,,,,,,,,2013 (HY000): Lost connection to MySQL server during query
aggregation,Q040,551,1,,,,,,,,,,,,,,2013 (HY000): Lost connection to MySQL server during query
aggregation,Q041,552,1,,,,,,,,,,,,,,2013 (HY000): Lost connection to MySQL server during query
aggregation,Q042,553,1,,,,,,,,,,,,,,2013 (HY000): Lost connection to MySQL server during query
aggregation,Q043,554,1,,,,,,,,,,,,,,2013 (HY000): Lost connection to MySQL server during query
aggregation,Q044,555,1,,,,,,,,,,,,,,2013 (HY000): Lost connection to MySQL server during query
aggregation,Q045,556,1,,,,,,,,,,,,,,2013 (HY000): Lost connection to MySQL server during query
aggregation,Q046,557,1,,,,,,,,,,,,,,2013 (HY000): Lost connection to MySQL server during query
aggregation,Q047,558,1,,,,,,,,,,,,,,2013 (HY000): Lost connection to MySQL server during query
aggregation,Q048,559,1,,,,,,,,,,,,,,2013 (HY000): Lost connection to MySQL server during query
aggregation,Q049,560,1,,,,,,,,,,,,,,2013 (HY000): Lost connection to MySQL server during query
aggregation,Q050,561,1,,,,,,,,,,,,,,2013 (HY000): Lost connection to MySQL server during query
aggregation,Q051,562,1,,,,,,,,,,,,,,2013 (HY000): Lost connection to MySQL server during query
aggregation,Q052,563,1,,,,,,,,,,,,,,2013 (HY000): Lost connection to MySQL server during query
aggregation,Q053,564,1,,,,,,,,,,,,,,2013 (HY000): Lost connection to MySQL server during query
aggregation,Q054,565,1,,,,,,,,,,,,,,2013 (HY000): Lost connection to MySQL server during query
aggregation,Q055,566,1,,,,,,,,,,,,,,2013 (HY000): Lost connection to MySQL server during query
aggregation,Q056,567,1,,,,,,,,,,,,,,2013 (HY000): Lost connection to MySQL server during query
aggregation,Q057,568,1,,,,,,,,,,,,,,2013 (HY000): Lost connection to MySQL server during query
aggregation,Q058,569,1,,,,,,,,,,,,,,2013 (HY000): Lost connection to MySQL server during query
aggregation,Q059,570,1,,,,,,,,,,,,,,2013 (HY000): Lost connection to MySQL server during query
aggregation,Q060,571,1,,,,,,,,,,,,,,2013 (HY000): Lost connection to MySQL server during query
aggregation,Q061,572,1,,,,,,,,,,,,,,2013 (HY000): Lost connection to MySQL server during query
aggregation,Q062,573,1,,,,,,,,,,,,,,2013 (HY000): Lost connection to MySQL server during query
aggregation,Q063,574,1,,,,,,,,,,,,,,2013 (HY000): Lost connection to MySQL server during query
aggregation,Q064,575,1,,,,,,,,,,,,,,2013 (HY000): Lost connection to MySQL server during query
aggregation,Q065,576,1,,,,,,,,,,,,,,2013 (HY000): Lost connection to MySQL server during query
aggregation,Q066,577,1,,,,,,,,,,,,,,2013 (HY000): Lost connection to MySQL server during query
aggregation,Q067,578,1,,,,,,,,,,,,,,2013 (HY000): Lost connection to MySQL server during query
aggregation,Q068,579,1,,,,,,,,,,,,,,2013 (HY000): Lost connection to MySQL server during query
aggregation,Q069,580,1,,,,,,,,,,,,,,2013 (HY000): Lost connection to MySQL server during query
aggregation,Q070,581,1,,,,,,,,,,,,,,2013 (HY000): Lost connection to MySQL server during query
aggregation,Q071,582,1,,,,,,,,,,,,,,2013 (HY000): Lost connection to MySQL server during query
aggregation,Q072,583,1,,,,,,,,,,,,,,2013 (HY000): Lost connection to MySQL server during query
aggregation,Q073,584,1,,,,,,,,,,,,,,2013 (HY000): Lost connection to MySQL server during query
aggregation,Q074,585,1,,,,,,,,,,,,,,2013 (HY000): Lost connection to MySQL server during query
aggregation,Q075,586,1,,,,,,,,,,,,,,2013 (HY000): Lost connection to MySQL server during query
aggregation,Q076,587,1,,,,,,,,,,,,,,2013 (HY000): Lost connection to MySQL server during query
aggregation,Q077,588,1,,,,,,,,,,,,,,2013 (HY000): Lost connection to MySQL server during query
aggregation,Q078,589,1,,,,,,,,,,,,,,2013 (HY000): Lost connection to MySQL server during query
aggregation,Q079,590,1,,,,,,,,,,,,,,2013 (HY000): Lost connection to MySQL server during query
aggregation,Q080,591,1,,,,,,,,,,,,,,2013 (HY000): Lost connection to MySQL server during query
aggregation,Q081,592,1,,,,,,,,,,,,,,2013 (HY000): Lost connection to MySQL server during query
aggregation,Q082,593,1,,,,,,,,,,,,,,2013 (HY000): Lost connection to MySQL server during query
aggregation,Q083,594,1,,,,,,,,,,,,,,2013 (HY000): Lost connection to MySQL server during query
aggregation,Q084,595,1,,,,,,,,,,,,,,2013 (HY000): Lost connection to MySQL server during query
aggregation,Q085,596,1,,,,,,,,,,,,,,2013 (HY000): Lost connection to MySQL server during query
aggregation,Q086,597,1,,,,,,,,,,,,,,2013 (HY000): Lost connection to MySQL server during query
aggregation,Q087,598,1,,,,,,,,,,,,,,2013 (HY000): Lost connection to MySQL server during query
aggregation,Q088,599,1,,,,,,,,,,,,,,2013 (HY000): Lost connection to MySQL server during query
aggregation,Q089,600,1,,,,,,,,,,,,,,2013 (HY000): Lost connection to MySQL server during query
aggregation,Q090,601,1,,,,,,,,,,,,,,2013 (HY000): Lost connection to MySQL server during query
aggregation,Q091,602,1,,,,,,,,,,,,,,2013 (HY000): Lost connection to MySQL server during query
aggregation,Q092,603,1,,,,,,,,,,,,,,2013 (HY000): Lost connection to MySQL server during query
aggregation,Q093,604,1,,,,,,,,,,,,,,2013 (HY000): Lost connection to MySQL server during query
aggregation,Q094,605,1,,,,,,,,,,,,,,2013 (HY000): Lost connection to MySQL server during query
aggregation,Q095,606,1,,,,,,,,,,,,,,2013 (HY000): Lost connection to MySQL server during query
aggregation,Q096,607,1,,,,,,,,,,,,,,2013 (HY000): Lost connection to MySQL server during query
aggregation,Q097,608,1,,,,,,,,,,,,,,2013 (HY000): Lost connection to MySQL server during query
aggregation,Q098,609,1,,,,,,,,,,,,,,2013 (HY000): Lost connection to MySQL server during query
aggregation,Q099,610,1,,,,,,,,,,,,,,2013 (HY000): Lost connection to MySQL server during query
aggregation,Q100,611,1,,,,,,,,,,,,,,2013 (HY000): Lost connection to MySQL server during query
aggregation,Q101,612,1,,,,,,,,,,,,,,2013 (HY000): Lost connection to MySQL server during query
aggregation,Q102,613,1,,,,,,,,,,,,,,2013 (HY000): Lost connection to MySQL server during query
aggregation,Q103,614,1,,,,,,,,,,,,,,2013 (HY000): Lost connection to MySQL server during query
aggregation,Q104,615,1,,,,,,,,,,,,,,2013 (HY000): Lost connection to MySQL server during query
aggregation,Q105,616,1,,,,,,,,,,,,,,2013 (HY000): Lost connection to MySQL server during query
aggregation,Q106,617,1,,,,,,,,,,,,,,2013 (HY000): Lost connection to MySQL server during query
aggregation,Q107,618,1,,,,,,,,,,,,,,2013 (HY000): Lost connection to MySQL server during query
aggregation,Q108,619,1,,,,,,,,,,,,,,2013 (HY000): Lost connection to MySQL server during query
aggregation,Q109,620,1,,,,,,,,,,,,,,2013 (HY000): Lost connection to MySQL server during query
aggregation,Q110,621,1,,,,,,,,,,,,,,2013 (HY000): Lost connection to MySQL server during query
aggregation,Q111,622,1,,,,,,,,,,,,,,2013 (HY000): Lost connection to MySQL server during query
aggregation,Q112,623,1,,,,,,,,,,,,,,2013 (HY000): Lost connection to MySQL server during query
aggregation,Q113,624,1,,,,,,,,,,,,,,2013 (HY000): Lost connection to MySQL server during query
aggregation,Q114,625,1,,,,,,,,,,,,,,2013 (HY000): Lost connection to MySQL server during query
aggregation,Q115,626,1,,,,,,,,,,,,,,2013 (HY000): Lost connection to MySQL server during query
aggregation,Q116,627,1,,,,,,,,,,,,,,2013 (HY000): Lost connection to MySQL server during query
aggregation,Q117,628,1,,,,,,,,,,,,,,2013 (HY000): Lost connection to MySQL server during query
aggregation,Q118,629,1,,,,,,,,,,,,,,2013 (HY000): Lost connection to MySQL server during query
aggregation,Q119,630,1,,,,,,,,,,,,,,2013 (HY000): Lost connection to MySQL server during query
aggregation,Q120,631,1,,,,,,,,,,,,,,2013 (HY000): Lost connection to MySQL server during query
aggregation,Q121,632,1,,,,,,,,,,,,,,2013 (HY000): Lost connection to MySQL server during query
aggregation,Q122,633,1,,,,,,,,,,,,,,2013 (HY000): Lost connection to MySQL server during query
aggregation,Q123,634,1,,,,,,,,,,,,,,2013 (HY000): Lost connection to MySQL server during query
aggregation,Q124,635,1,,,,,,,,,,,,,,2013 (HY000): Lost connection to MySQL server during query
aggregation,Q125,636,1,,,,,,,,,,,,,,2013 (HY000): Lost connection to MySQL server during query
aggregation,Q126,637,1,,,,,,,,,,,,,,2013 (HY000): Lost connection to MySQL server during query
aggregation,Q127,638,1,,,,,,,,,,,,,,2013 (HY000): Lost connection to MySQL server during query
aggregation,Q128,639,1,,,,,,,,,,,,,,2013 (HY000): Lost connection to MySQL server during query
aggregation,Q129,640,1,,,,,,,,,,,,,,2013 (HY000): Lost connection to MySQL server during query
aggregation,Q130,641,1,,,,,,,,,,,,,,2013 (HY000): Lost connection to MySQL server during query
aggregation,Q131,642,1,,,,,,,,,,,,,,2013 (HY000): Lost connection to MySQL server during query
aggregation,Q132,643,1,,,,,,,,,,,,,,2013 (HY000): Lost connection to MySQL server during query
aggregation,Q133,644,1,,,,,,,,,,,,,,2013 (HY000): Lost connection to MySQL server during query
aggregation,Q134,645,1,,,,,,,,,,,,,,2013 (HY000): Lost connection to MySQL server during query
aggregation,Q135,646,1,,,,,,,,,,,,,,2013 (HY000): Lost connection to MySQL server during query
aggregation,Q136,647,1,,,,,,,,,,,,,,2013 (HY000): Lost connection to MySQL server during query
aggregation,Q137,648,1,,,,,,,,,,,,,,2013 (HY000): Lost connection to MySQL server during query
aggregation,Q138,649,1,,,,,,,,,,,,,,2013 (HY000): Lost connection to MySQL server during query
aggregation,Q139,650,1,,,,,,,,,,,,,,2013 (HY000): Lost connection to MySQL server during query
aggregation,Q140,651,1,,,,,,,,,,,,,,2013 (HY000): Lost connection to MySQL server during query
aggregation,Q141,652,1,,,,,,,,,,,,,,2013 (HY000): Lost connection to MySQL server during query
aggregation,Q142,653,1,,,,,,,,,,,,,,2013 (HY000): Lost connection to MySQL server during query
aggregation,Q143,654,1,,,,,,,,,,,,,,2013 (HY000): Lost connection to MySQL server during query
aggregation,Q144,655,1,,,,,,,,,,,,,,2013 (HY000): Lost connection to MySQL server during query
aggregation,Q145,656,1,,,,,,,,,,,,,,2013 (HY000): Lost connection to MySQL server during query
aggregation,Q146,657,1,,,,,,,,,,,,,,2013 (HY000): Lost connection to MySQL server during query
aggregation,Q147,658,1,,,,,,,,,,,,,,2013 (HY000): Lost connection to MySQL server during query
aggregation,Q148,659,1,,,,,,,,,,,,,,2013 (HY000): Lost connection to MySQL server during query
aggregation,Q149,660,1,,,,,,,,,,,,,,2013 (HY000): Lost connection to MySQL server during query
aggregation,Q150,661,1,,,,,,,,,,,,,,2013 (HY000): Lost connection to MySQL server during query
aggregation,Q151,662,1,,,,,,,,,,,,,,2013 (HY000): Lost connection to MySQL server during query
aggregation,Q152,663,1,,,,,,,,,,,,,,2013 (HY000): Lost connection to MySQL server during query
aggregation,Q153,664,1,,,,,,,,,,,,,,2013 (HY000): Lost connection to MySQL server during query
aggregation,Q154,665,1,,,,,,,,,,,,,,2013 (HY000): Lost connection to MySQL server during query
aggregation,Q155,666,1,,,,,,,,,,,,,,2013 (HY000): Lost connection to MySQL server during query
aggregation,Q156,667,1,,,,,,,,,,,,,,2013 (HY000): Lost connection to MySQL server during query
aggregation,Q157,668,1,,,,,,,,,,,,,,2013 (HY000): Lost connection to MySQL server during query
aggregation,Q158,669,1,,,,,,,,,,,,,,2013 (HY000): Lost connection to MySQL server during query
aggregation,Q159,670,1,,,,,,,,,,,,,,2013 (HY000): Lost connection to MySQL server during query
aggregation,Q160,671,1,,,,,,,,,,,,,,2013 (HY000): Lost connection to MySQL server during query
aggregation,Q161,672,1,,,,,,,,,,,,,,2013 (HY000): Lost connection to MySQL server during query
aggregation,Q162,673,1,,,,,,,,,,,,,,2013 (HY000): Lost connection to MySQL server during query
aggregation,Q163,674,1,,,,,,,,,,,,,,2013 (HY000): Lost connection to MySQL server during query
aggregation,Q164,675,1,,,,,,,,,,,,,,2013 (HY000): Lost connection to MySQL server during query
aggregation,Q165,676,1,,,,,,,,,,,,,,2013 (HY000): Lost connection to MySQL server during query
aggregation,Q166,677,1,,,,,,,,,,,,,,2013 (HY000): Lost connection to MySQL server during query
aggregation,Q167,678,1,,,,,,,,,,,,,,2013 (HY000): Lost connection to MySQL server during query
aggregation,Q168,679,1,,,,,,,,,,,,,,2013 (HY000): Lost connection to MySQL server during query
aggregation,Q169,680,1,,,,,,,,,,,,,,2013 (HY000): Lost connection to MySQL server during query
aggregation,Q170,681,1,,,,,,,,,,,,,,2013 (HY000): Lost connection to MySQL server during query
aggregation,Q171,682,1,,,,,,,,,,,,,,2013 (HY000): Lost connection to MySQL server during query
aggregation,Q172,683,1,,,,,,,,,,,,,,2013 (HY000): Lost connection to MySQL server during query
aggregation,Q173,684,1,,,,,,,,,,,,,,2013 (HY000): Lost connection to MySQL server during query
aggregation,Q174,685,1,,,,,,,,,,,,,,2013 (HY000): Lost connection to MySQL server during query
aggregation,Q175,686,1,,,,,,,,,,,,,,2013 (HY000): Lost connection to MySQL server during query
aggregation,Q176,687,1,,,,,,,,,,,,,,2013 (HY000): Lost connection to MySQL server during query
aggregation,Q177,688,1,,,,,,,,,,,,,,2013 (HY000): Lost connection to MySQL server during query
aggregation,Q178,689,1,,,,,,,,,,,,,,2013 (HY000): Lost connection to MySQL server during query
aggregation,Q179,690,1,,,,,,,,,,,,,,2013 (HY000): Lost connection to MySQL server during query
aggregation,Q180,691,1,,,,,,,,,,,,,,2013 (HY000): Lost connection to MySQL server during query
aggregation,Q181,692,1,,,,,,,,,,,,,,2013 (HY000): Lost connection to MySQL server during query
aggregation,Q182,693,1,,,,,,,,,,,,,,2013 (HY000): Lost connection to MySQL server during query
aggregation,Q183,694,1,,,,,,,,,,,,,,2013 (HY000): Lost connection to MySQL server during query
aggregation,Q184,695,1,,,,,,,,,,,,,,2013 (HY000): Lost connection to MySQL server during query
aggregation,Q185,696,1,,,,,,,,,,,,,,2013 (HY000): Lost connection to MySQL server during query
aggregation,Q186,697,1,,,,,,,,,,,,,,2013 (HY000): Lost connection to MySQL server during query
aggregation,Q187,698,1,,,,,,,,,,,,,,2013 (HY000): Lost connection to MySQL server during query
aggregation,Q188,699,1,,,,,,,,,,,,,,2013 (HY000): Lost connection to MySQL server during query
aggregation,Q189,700,1,,,,,,,,,,,,,,2013 (HY000): Lost connection to MySQL server during query
aggregation,Q190,701,1,,,,,,,,,,,,,,2013 (HY000): Lost connection to MySQL server during query
aggregation,Q191,702,1,,,,,,,,,,,,,,2013 (HY000): Lost connection to MySQL server during query
aggregation,Q192,703,1,,,,,,,,,,,,,,2013 (HY000): Lost connection to MySQL server during query
aggregation,Q193,704,1,,,,,,,,,,,,,,2013 (HY000): Lost connection to MySQL server during query
aggregation,Q194,705,1,,,,,,,,,,,,,,2013 (HY000): Lost connection to MySQL server during query
aggregation,Q195,706,1,,,,,,,,,,,,,,2013 (HY000): Lost connection to MySQL server during query
aggregation,Q196,707,1,,,,,,,,,,,,,,2013 (HY000): Lost connection to MySQL server during query
aggregation,Q197,708,1,,,,,,,,,,,,,,2013 (HY000): Lost connection to MySQL server during query
aggregation,Q198,709,1,,,,,,,,,,,,,,2013 (HY000): Lost connection to MySQL server during query
aggregation,Q199,710,1,,,,,,,,,,,,,,2013 (HY000): Lost connection to MySQL server during query
aggregation,Q200,711,1,,,,,,,,,,,,,,2013 (HY000): Lost connection to MySQL server during query
complex_queries,Q001,712,1,,,,,,,,,,,,,,2013 (HY000): Lost connection to MySQL server during query
complex_queries,Q002,713,1,,,,,,,,,,,,,,2013 (HY000): Lost connection to MySQL server during query
complex_queries,Q003,714,1,,,,,,,,,,,,,,2013 (HY000): Lost connection to MySQL server during query
complex_queries,Q004,715,1,,,,,,,,,,,,,,2013 (HY000): Lost connection to MySQL server during query
complex_queries,Q005,716,1,,,,,,,,,,,,,,2013 (HY000): Lost connection to MySQL server during query
complex_queries,Q006,717,1,,,,,,,,,,,,,,2013 (HY000): Lost connection to MySQL server during query
complex_queries,Q007,718,1,,,,,,,,,,,,,,2013 (HY000): Lost connection to MySQL server during query
complex_queries,Q008,719,1,,,,,,,,,,,,,,2013 (HY000): Lost connection to MySQL server during query
complex_queries,Q009,720,1,,,,,,,,,,,,,,2013 (HY000): Lost connection to MySQL server during query
complex_queries,Q010,721,1,,,,,,,,,,,,,,2013 (HY000): Lost connection to MySQL server during query
complex_queries,Q011,722,1,,,,,,,,,,,,,,2013 (HY000): Lost connection to MySQL server during query
complex_queries,Q012,723,1,,,,,,,,,,,,,,2013 (HY000): Lost connection to MySQL server during query
complex_queries,Q013,724,1,,,,,,,,,,,,,,2013 (HY000): Lost connection to MySQL server during query
complex_queries,Q014,725,1,,,,,,,,,,,,,,2013 (HY000): Lost connection to MySQL server during query
complex_queries,Q015,726,1,,,,,,,,,,,,,,2013 (HY000): Lost connection to MySQL server during query
complex_queries,Q016,727,1,,,,,,,,,,,,,,2013 (HY000): Lost connection to MySQL server during query
complex_queries,Q017,728,1,,,,,,,,,,,,,,2013 (HY000): Lost connection to MySQL server during query
complex_queries,Q018,729,1,,,,,,,,,,,,,,2013 (HY000): Lost connection to MySQL server during query
complex_queries,Q019,730,1,,,,,,,,,,,,,,2013 (HY000): Lost connection to MySQL server during query
complex_queries,Q020,731,1,,,,,,,,,,,,,,2013 (HY000): Lost connection to MySQL server during query
complex_queries,Q021,732,1,,,,,,,,,,,,,,2013 (HY000): Lost connection to MySQL server during query
complex_queries,Q022,733,1,,,,,,,,,,,,,,2013 (HY000): Lost connection to MySQL server during query
complex_queries,Q023,734,1,,,,,,,,,,,,,,2013 (HY000): Lost connection to MySQL server during query
complex_queries,Q024,735,1,,,,,,,,,,,,,,2013 (HY000): Lost connection to MySQL server during query
complex_queries,Q025,736,1,,,,,,,,,,,,,,2013 (HY000): Lost connection to MySQL server during query
complex_queries,Q026,737,1,,,,,,,,,,,,,,2013 (HY000): Lost connection to MySQL server during query
complex_queries,Q027,738,1,,,,,,,,,,,,,,2013 (HY000): Lost connection to MySQL server during query
complex_queries,Q028,739,1,,,,,,,,,,,,,,2013 (HY000): Lost connection to MySQL server during query
complex_queries,Q029,740,1,,,,,,,,,,,,,,2013 (HY000): Lost connection to MySQL server during query
complex_queries,Q030,741,1,,,,,,,,,,,,,,2013 (HY000): Lost connection to MySQL server during query
complex_queries,Q031,742,1,,,,,,,,,,,,,,2013 (HY000): Lost connection to MySQL server during query
complex_queries,Q032,743,1,,,,,,,,,,,,,,2013 (HY000): Lost connection to MySQL server during query
complex_queries,Q033,744,1,,,,,,,,,,,,,,2013 (HY000): Lost connection to MySQL server during query
complex_queries,Q034,745,1,,,,,,,,,,,,,,2013 (HY000): Lost connection to MySQL server during query
complex_queries,Q035,746,1,,,,,,,,,,,,,,2013 (HY000): Lost connection to MySQL server during query
complex_queries,Q036,747,1,,,,,,,,,,,,,,2013 (HY000): Lost connection to MySQL server during query
complex_queries,Q037,748,1,,,,,,,,,,,,,,2013 (HY000): Lost connection to MySQL server during query
complex_queries,Q038,749,1,,,,,,,,,,,,,,2013 (HY000): Lost connection to MySQL server during query
complex_queries,Q039,750,1,,,,,,,,,,,,,,2013 (HY000): Lost connection to MySQL server during query
complex_queries,Q040,751,1,,,,,,,,,,,,,,2013 (HY000): Lost connection to MySQL server during query
complex_queries,Q041,752,1,,,,,,,,,,,,,,2013 (HY000): Lost connection to MySQL server during query
complex_queries,Q042,753,1,,,,,,,,,,,,,,2013 (HY000): Lost connection to MySQL server during query
complex_queries,Q043,754,1,,,,,,,,,,,,,,2013 (HY000): Lost connection to MySQL server during query
complex_queries,Q044,755,1,,,,,,,,,,,,,,2013 (HY000): Lost connection to MySQL server during query
complex_queries,Q045,756,1,,,,,,,,,,,,,,2013 (HY000): Lost connection to MySQL server during query
complex_queries,Q046,757,1,,,,,,,,,,,,,,2013 (HY000): Lost connection to MySQL server during query
complex_queries,Q047,758,1,,,,,,,,,,,,,,2013 (HY000): Lost connection to MySQL server during query
complex_queries,Q048,759,1,,,,,,,,,,,,,,2013 (HY000): Lost connection to MySQL server during query
complex_queries,Q049,760,1,,,,,,,,,,,,,,2013 (HY000): Lost connection to MySQL server during query
complex_queries,Q050,761,1,,,,,,,,,,,,,,2013 (HY000): Lost connection to MySQL server during query
complex_queries,Q051,762,1,,,,,,,,,,,,,,2013 (HY000): Lost connection to MySQL server during query
complex_queries,Q052,763,1,,,,,,,,,,,,,,2013 (HY000): Lost connection to MySQL server during query
complex_queries,Q053,764,1,,,,,,,,,,,,,,2013 (HY000): Lost connection to MySQL server during query
complex_queries,Q054,765,1,,,,,,,,,,,,,,2013 (HY000): Lost connection to MySQL server during query
complex_queries,Q055,766,1,,,,,,,,,,,,,,2013 (HY000): Lost connection to MySQL server during query
complex_queries,Q056,767,1,,,,,,,,,,,,,,2013 (HY000): Lost connection to MySQL server during query
complex_queries,Q057,768,1,,,,,,,,,,,,,,2013 (HY000): Lost connection to MySQL server during query
complex_queries,Q058,769,1,,,,,,,,,,,,,,2013 (HY000): Lost connection to MySQL server during query
complex_queries,Q059,770,1,,,,,,,,,,,,,,2013 (HY000): Lost connection to MySQL server during query
complex_queries,Q060,771,1,,,,,,,,,,,,,,2013 (HY000): Lost connection to MySQL server during query
complex_queries,Q061,772,1,,,,,,,,,,,,,,2013 (HY000): Lost connection to MySQL server during query
complex_queries,Q062,773,1,,,,,,,,,,,,,,2013 (HY000): Lost connection to MySQL server during query
complex_queries,Q063,774,1,,,,,,,,,,,,,,2013 (HY000): Lost connection to MySQL server during query
complex_queries,Q064,775,1,,,,,,,,,,,,,,2013 (HY000): Lost connection to MySQL server during query
complex_queries,Q065,776,1,,,,,,,,,,,,,,2013 (HY000): Lost connection to MySQL server during query
complex_queries,Q066,777,1,,,,,,,,,,,,,,2013 (HY000): Lost connection to MySQL server during query
complex_queries,Q067,778,1,,,,,,,,,,,,,,2013 (HY000): Lost connection to MySQL server during query
complex_queries,Q068,779,1,,,,,,,,,,,,,,2013 (HY000): Lost connection to MySQL server during query
complex_queries,Q069,780,1,,,,,,,,,,,,,,2013 (HY000): Lost connection to MySQL server during query
complex_queries,Q070,781,1,,,,,,,,,,,,,,2013 (HY000): Lost connection to MySQL server during query
complex_queries,Q071,782,1,,,,,,,,,,,,,,2013 (HY000): Lost connection to MySQL server during query
complex_queries,Q072,783,1,,,,,,,,,,,,,,2013 (HY000): Lost connection to MySQL server during query
complex_queries,Q073,784,1,,,,,,,,,,,,,,2013 (HY000): Lost connection to MySQL server during query
complex_queries,Q074,785,1,,,,,,,,,,,,,,2013 (HY000): Lost connection to MySQL server during query
complex_queries,Q075,786,1,,,,,,,,,,,,,,2013 (HY000): Lost connection to MySQL server during query
complex_queries,Q076,787,1,,,,,,,,,,,,,,2013 (HY000): Lost connection to MySQL server during query
complex_queries,Q077,788,1,,,,,,,,,,,,,,2013 (HY000): Lost connection to MySQL server during query
complex_queries,Q078,789,1,,,,,,,,,,,,,,2013 (HY000): Lost connection to MySQL server during query
complex_queries,Q079,790,1,,,,,,,,,,,,,,2013 (HY000): Lost connection to MySQL server during query
complex_queries,Q080,791,1,,,,,,,,,,,,,,2013 (HY000): Lost connection to MySQL server during query
complex_queries,Q081,792,1,,,,,,,,,,,,,,2013 (HY000): Lost connection to MySQL server during query
complex_queries,Q082,793,1,,,,,,,,,,,,,,2013 (HY000): Lost connection to MySQL server during query
complex_queries,Q083,794,1,,,,,,,,,,,,,,2013 (HY000): Lost connection to MySQL server during query
complex_queries,Q084,795,1,,,,,,,,,,,,,,2013 (HY000): Lost connection to MySQL server during query
complex_queries,Q085,796,1,,,,,,,,,,,,,,2013 (HY000): Lost connection to MySQL server during query
complex_queries,Q086,797,1,,,,,,,,,,,,,,2013 (HY000): Lost connection to MySQL server during query
complex_queries,Q087,798,1,,,,,,,,,,,,,,2013 (HY000): Lost connection to MySQL server during query
complex_queries,Q088,799,1,,,,,,,,,,,,,,2013 (HY000): Lost connection to MySQL server during query
complex_queries,Q089,800,1,,,,,,,,,,,,,,2013 (HY000): Lost connection to MySQL server during query
complex_queries,Q090,801,1,,,,,,,,,,,,,,2013 (HY000): Lost connection to MySQL server during query
complex_queries,Q091,802,1,,,,,,,,,,,,,,2013 (HY000): Lost connection to MySQL server during query
complex_queries,Q092,803,1,,,,,,,,,,,,,,2013 (HY000): Lost connection to MySQL server during query
complex_queries,Q093,804,1,,,,,,,,,,,,,,2013 (HY000): Lost connection to MySQL server during query
complex_queries,Q094,805,1,,,,,,,,,,,,,,2013 (HY000): Lost connection to MySQL server during query
complex_queries,Q095,806,1,,,,,,,,,,,,,,2013 (HY000): Lost connection to MySQL server during query
complex_queries,Q096,807,1,,,,,,,,,,,,,,2013 (HY000): Lost connection to MySQL server during query
complex_queries,Q097,808,1,,,,,,,,,,,,,,2013 (HY000): Lost connection to MySQL server during query
complex_queries,Q098,809,1,,,,,,,,,,,,,,2013 (HY000): Lost connection to MySQL server during query
complex_queries,Q099,810,1,,,,,,,,,,,,,,2013 (HY000): Lost connection to MySQL server during query
complex_queries,Q100,811,1,,,,,,,,,,,,,,2013 (HY000): Lost connection to MySQL server during query
complex_queries,Q101,812,1,,,,,,,,,,,,,,2013 (HY000): Lost connection to MySQL server during query
complex_queries,Q102,813,1,,,,,,,,,,,,,,2013 (HY000): Lost connection to MySQL server during query
complex_queries,Q103,814,1,,,,,,,,,,,,,,2013 (HY000): Lost connection to MySQL server during query
complex_queries,Q104,815,1,,,,,,,,,,,,,,2013 (HY000): Lost connection to MySQL server during query
complex_queries,Q105,816,1,,,,,,,,,,,,,,2013 (HY000): Lost connection to MySQL server during query
complex_queries,Q106,817,1,,,,,,,,,,,,,,2013 (HY000): Lost connection to MySQL server during query
complex_queries,Q107,818,1,,,,,,,,,,,,,,2013 (HY000): Lost connection to MySQL server during query
complex_queries,Q108,819,1,,,,,,,,,,,,,,2013 (HY000): Lost connection to MySQL server during query
complex_queries,Q109,820,1,,,,,,,,,,,,,,2013 (HY000): Lost connection to MySQL server during query
complex_queries,Q110,821,1,,,,,,,,,,,,,,2013 (HY000): Lost connection to MySQL server during query
complex_queries,Q111,822,1,,,,,,,,,,,,,,2013 (HY000): Lost connection to MySQL server during query
complex_queries,Q112,823,1,,,,,,,,,,,,,,2013 (HY000): Lost connection to MySQL server during query
complex_queries,Q113,824,1,,,,,,,,,,,,,,2013 (HY000): Lost connection to MySQL server during query
complex_queries,Q114,825,1,,,,,,,,,,,,,,2013 (HY000): Lost connection to MySQL server during query
complex_queries,Q115,826,1,,,,,,,,,,,,,,2013 (HY000): Lost connection to MySQL server during query
complex_queries,Q116,827,1,,,,,,,,,,,,,,2013 (HY000): Lost connection to MySQL server during query
complex_queries,Q117,828,1,,,,,,,,,,,,,,2013 (HY000): Lost connection to MySQL server during query
complex_queries,Q118,829,1,,,,,,,,,,,,,,2013 (HY000): Lost connection to MySQL server during query
complex_queries,Q119,830,1,,,,,,,,,,,,,,2013 (HY000): Lost connection to MySQL server during query
complex_queries,Q120,831,1,,,,,,,,,,,,,,2013 (HY000): Lost connection to MySQL server during query
complex_queries,Q121,832,1,,,,,,,,,,,,,,2013 (HY000): Lost connection to MySQL server during query
complex_queries,Q122,833,1,,,,,,,,,,,,,,2013 (HY000): Lost connection to MySQL server during query
complex_queries,Q123,834,1,,,,,,,,,,,,,,2013 (HY000): Lost connection to MySQL server during query
complex_queries,Q124,835,1,,,,,,,,,,,,,,2013 (HY000): Lost connection to MySQL server during query
complex_queries,Q125,836,1,,,,,,,,,,,,,,2013 (HY000): Lost connection to MySQL server during query
complex_queries,Q126,837,1,,,,,,,,,,,,,,2013 (HY000): Lost connection to MySQL server during query
complex_queries,Q127,838,1,,,,,,,,,,,,,,2013 (HY000): Lost connection to MySQL server during query
complex_queries,Q128,839,1,,,,,,,,,,,,,,2013 (HY000): Lost connection to MySQL server during query
complex_queries,Q129,840,1,,,,,,,,,,,,,,2013 (HY000): Lost connection to MySQL server during query
complex_queries,Q130,841,1,,,,,,,,,,,,,,2013 (HY000): Lost connection to MySQL server during query
complex_queries,Q131,842,1,,,,,,,,,,,,,,2013 (HY000): Lost connection to MySQL server during query
complex_queries,Q132,843,1,,,,,,,,,,,,,,2013 (HY000): Lost connection to MySQL server during query
complex_queries,Q133,844,1,,,,,,,,,,,,,,2013 (HY000): Lost connection to MySQL server during query
complex_queries,Q134,845,1,,,,,,,,,,,,,,2013 (HY000): Lost connection to MySQL server during query
complex_queries,Q135,846,1,,,,,,,,,,,,,,2013 (HY000): Lost connection to MySQL server during query
complex_queries,Q136,847,1,,,,,,,,,,,,,,2013 (HY000): Lost connection to MySQL server during query
complex_queries,Q137,848,1,,,,,,,,,,,,,,2013 (HY000): Lost connection to MySQL server during query
complex_queries,Q138,849,1,,,,,,,,,,,,,,2013 (HY000): Lost connection to MySQL server during query
complex_queries,Q139,850,1,,,,,,,,,,,,,,2013 (HY000): Lost connection to MySQL server during query
complex_queries,Q140,851,1,,,,,,,,,,,,,,2013 (HY000): Lost connection to MySQL server during query
complex_queries,Q141,852,1,,,,,,,,,,,,,,2013 (HY000): Lost connection to MySQL server during query
complex_queries,Q142,853,1,,,,,,,,,,,,,,2013 (HY000): Lost connection to MySQL server during query
complex_queries,Q143,854,1,,,,,,,,,,,,,,2013 (HY000): Lost connection to MySQL server during query
complex_queries,Q144,855,1,,,,,,,,,,,,,,2013 (HY000): Lost connection to MySQL server during query
complex_queries,Q145,856,1,,,,,,,,,,,,,,2013 (HY000): Lost connection to MySQL server during query
complex_queries,Q146,857,1,,,,,,,,,,,,,,2013 (HY000): Lost connection to MySQL server during query
complex_queries,Q147,858,1,,,,,,,,,,,,,,2013 (HY000): Lost connection to MySQL server during query
complex_queries,Q148,859,1,,,,,,,,,,,,,,2013 (HY000): Lost connection to MySQL server during query
complex_queries,Q149,860,1,,,,,,,,,,,,,,2013 (HY000): Lost connection to MySQL server during query
complex_queries,Q150,861,1,,,,,,,,,,,,,,2013 (HY000): Lost connection to MySQL server during query
complex_queries,Q151,862,1,,,,,,,,,,,,,,2013 (HY000): Lost connection to MySQL server during query
complex_queries,Q152,863,1,,,,,,,,,,,,,,2013 (HY000): Lost connection to MySQL server during query
complex_queries,Q153,864,1,,,,,,,,,,,,,,2013 (HY000): Lost connection to MySQL server during query
complex_queries,Q154,865,1,,,,,,,,,,,,,,2013 (HY000): Lost connection to MySQL server during query
complex_queries,Q155,866,1,,,,,,,,,,,,,,2013 (HY000): Lost connection to MySQL server during query
complex_queries,Q156,867,1,,,,,,,,,,,,,,2013 (HY000): Lost connection to MySQL server during query
complex_queries,Q157,868,1,,,,,,,,,,,,,,2013 (HY000): Lost connection to MySQL server during query
complex_queries,Q158,869,1,,,,,,,,,,,,,,2013 (HY000): Lost connection to MySQL server during query
complex_queries,Q159,870,1,,,,,,,,,,,,,,2013 (HY000): Lost connection to MySQL server during query
complex_queries,Q160,871,1,,,,,,,,,,,,,,2013 (HY000): Lost connection to MySQL server during query
complex_queries,Q161,872,1,,,,,,,,,,,,,,2013 (HY000): Lost connection to MySQL server during query
complex_queries,Q162,873,1,,,,,,,,,,,,,,2013 (HY000): Lost connection to MySQL server during query
complex_queries,Q163,874,1,,,,,,,,,,,,,,2013 (HY000): Lost connection to MySQL server during query
complex_queries,Q164,875,1,,,,,,,,,,,,,,2013 (HY000): Lost connection to MySQL server during query
complex_queries,Q165,876,1,,,,,,,,,,,,,,2013 (HY000): Lost connection to MySQL server during query
complex_queries,Q166,877,1,,,,,,,,,,,,,,2013 (HY000): Lost connection to MySQL server during query
complex_queries,Q167,878,1,,,,,,,,,,,,,,2013 (HY000): Lost connection to MySQL server during query
complex_queries,Q168,879,1,,,,,,,,,,,,,,2013 (HY000): Lost connection to MySQL server during query
complex_queries,Q169,880,1,,,,,,,,,,,,,,2013 (HY000): Lost connection to MySQL server during query
complex_queries,Q170,881,1,,,,,,,,,,,,,,2013 (HY000): Lost connection to MySQL server during query
complex_queries,Q171,882,1,,,,,,,,,,,,,,2013 (HY000): Lost connection to MySQL server during query
complex_queries,Q172,883,1,,,,,,,,,,,,,,2013 (HY000): Lost connection to MySQL server during query
complex_queries,Q173,884,1,,,,,,,,,,,,,,2013 (HY000): Lost connection to MySQL server during query
complex_queries,Q174,885,1,,,,,,,,,,,,,,2013 (HY000): Lost connection to MySQL server during query
complex_queries,Q175,886,1,,,,,,,,,,,,,,2013 (HY000): Lost connection to MySQL server during query
complex_queries,Q176,887,1,,,,,,,,,,,,,,2013 (HY000): Lost connection to MySQL server during query
complex_queries,Q177,888,1,,,,,,,,,,,,,,2013 (HY000): Lost connection to MySQL server during query
complex_queries,Q178,889,1,,,,,,,,,,,,,,2013 (HY000): Lost connection to MySQL server during query
complex_queries,Q179,890,1,,,,,,,,,,,,,,2013 (HY000): Lost connection to MySQL server during query
complex_queries,Q180,891,1,,,,,,,,,,,,,,2013 (HY000): Lost connection to MySQL server during query
complex_queries,Q181,892,1,,,,,,,,,,,,,,2013 (HY000): Lost connection to MySQL server during query
complex_queries,Q182,893,1,,,,,,,,,,,,,,2013 (HY000): Lost connection to MySQL server during query
complex_queries,Q183,894,1,,,,,,,,,,,,,,2013 (HY000): Lost connection to MySQL server during query
complex_queries,Q184,895,1,,,,,,,,,,,,,,2013 (HY000): Lost connection to MySQL server during query
complex_queries,Q185,896,1,,,,,,,,,,,,,,2013 (HY000): Lost connection to MySQL server during query
complex_queries,Q186,897,1,,,,,,,,,,,,,,2013 (HY000): Lost connection to MySQL server during query
complex_queries,Q187,898,1,,,,,,,,,,,,,,2013 (HY000): Lost connection to MySQL server during query
complex_queries,Q188,899,1,,,,,,,,,,,,,,2013 (HY000): Lost connection to MySQL server during query
complex_queries,Q189,900,1,,,,,,,,,,,,,,2013 (HY000): Lost connection to MySQL server during query
complex_queries,Q190,901,1,,,,,,,,,,,,,,2013 (HY000): Lost connection to MySQL server during query
complex_queries,Q191,902,1,,,,,,,,,,,,,,2013 (HY000): Lost connection to MySQL server during query
complex_queries,Q192,903,1,,,,,,,,,,,,,,2013 (HY000): Lost connection to MySQL server during query
complex_queries,Q193,904,1,,,,,,,,,,,,,,2013 (HY000): Lost connection to MySQL server during query
complex_queries,Q194,905,1,,,,,,,,,,,,,,2013 (HY000): Lost connection to MySQL server during query
complex_queries,Q195,906,1,,,,,,,,,,,,,,2013 (HY000): Lost connection to MySQL server during query
complex_queries,Q196,907,1,,,,,,,,,,,,,,2013 (HY000): Lost connection to MySQL server during query
complex_queries,Q197,908,1,,,,,,,,,,,,,,2013 (HY000): Lost connection to MySQL server during query
complex_queries,Q198,909,1,,,,,,,,,,,,,,2013 (HY000): Lost connection to MySQL server during query
complex_queries,Q199,910,1,,,,,,,,,,,,,,2013 (HY000): Lost connection to MySQL server during query
complex_queries,Q200,911,1,,,,,,,,,,,,,,2013 (HY000): Lost connection to MySQL server during query
